INSERT INTO categories (category_id, category_name) VALUES 
    ('category1', 'CPU'),
    ('category2', 'RAM'),
    ('category3', 'CPU Cooler'),
    ('category4', 'Motherboard'),
    ('category5', 'Video Card'),
    ('category6', 'Case'),
    ('category7', 'Power Supplies'),
    ('category8', 'Storages'),
    ('category9', 'Operating System'),
    ('category10', 'Accessories');

INSERT INTO products (product_id, pname, description, category_id) VALUES 
    ('CPU-001', 'AMD Ryzen 5 7600X - 6-Core 4.7 GHz - Socket AM5 - 105W Desktop Processor (100-100000593WOF)', '5nm 105W 32MB L3 Cache Windows 11 Supported Cooling Device not Included - Processor Only', 'category1'),
    ('CPU-002', 'AMD Ryzen 9 7950X3D - Ryzen 9 7000 Series 16-Core 4.2 GHz Socket AM5 120W AMD Radeon Graphics Desktop Processor - 100-100000908WOF', '5nm 120W, 128MB L3 Cache, 16MB L2 Cache, AMD Radeon Graphics, Windows 11 Supported', 'category1'),
    ('CPU-003', 'AMD Ryzen 5 3600XT 6-Core 3.8 GHz Socket AM4 95W 100-100000281BOX Desktop Processor', '3rd Gen Ryzen, Socket AM4, Max Boost Frequency 4.5 GHz, DDR4 Support, ache 35MB, Thermal Design Power 95W', 'category1'),
    ('CPU-004', 'AMD 100-100000031SBX Ryzen 5 3600 6-Core, 12-Thread Unlocked Desktop Processor with Wraith Spire Cooler', '3rd Gen Ryzen ,Socket AM4 ,Max Boost Frequency 4.2 GHz ,DDR4 Support ,L2 Cache 3MB ,L3 Cache 32MBF', 'category1'),
    ('CPU-005', 'AMD Ryzen 5 4600G - Ryzen 5 4000 G-Series Renoir (Zen 2) 6-Core 3.7 GHz Socket AM4 65W AMD Radeon Graphics Desktop Processor - 100-100000147BOX', '7nm Renoir (Zen 2) 65W, 8MB L3 Cache, 3MB L2 Cache, AMD Radeon Graphics', 'category1'),
    ('CPU-006', 'AMD Ryzen Threadripper PRO 5965WX - Ryzen Threadripper PRO Chagall PRO (Zen 3) 24-Core 3.8 GHz Socket sWRX8 280W None Integrated Graphics Desktop Processor - 100-100000446WOF', '7nm Chagall PRO (Zen 3) 280W, 128MB L3 Cache, 12MB L2 Cache, None Integrated Graphics', 'category1'),
    ('CPU-007', '(Ship by Fedex)AMD RYZEN 5 3600 6-Core 3.6 GHz (4.2 GHz Max Boost) Socket AM4 65W 100-100000031BOX Desktop Processor', '3rd Gen Ryzen, Socket AM4, Max Boost Frequency 4.2 GHz, DDR4 Support, L2 Cache 3MB, L3 Cache 32MB', 'category1'),
    ('CPU-008', 'AMD Ryzen 9 7900X - Ryzen 9 7000 Series 12-Core Socket AM5 170W Desktop Processor - 100-000000589', '5nm 170W, 64MB L3 Cache', 'category1'),
    ('CPU-009', 'AMD Ryzen 7 3rd Gen - RYZEN 7 3700X Matisse (Zen 2) 8-Core 3.6 GHz (4.4 GHz Max Boost) Socket AM4 65W 100-100000071BOX Desktop Processor', '3rd Gen Ryzen, Socket AM4, Max Boost Frequency 4.4 GHz, DDR4 Support, L2 Cache 4MB, L3 Cache 32MB', 'category1'),
    ('CPU-010', 'AMD Ryzen Threadripper PRO 5965WX - Ryzen Threadripper PRO Chagall PRO (Zen 3) 24-Core 3.8 GHz Socket sWRX8 280W None Integrated Graphics Desktop Processor - 100-100000446WOF', '7nm Chagall PRO (Zen 3) 280W, 128MB L3 Cache, 12MB L2 Cache, None Integrated Graphics', 'category1'),
    ('CPU-011', 'AMD Ryzen 5 4500 - Ryzen 5 4000 Series 6-Core Socket AM4 65W None Integrated Graphics Desktop Processor - 100-100000644BOX', '65W, None Integrated Graphics', 'category1'),
    ('CPU-012', 'AMD Ryzen 9 7900 - Ryzen 9 7000 Series 12-Core Socket AM5 65W AMD Radeon Graphics Processor - 100-100000590BOX', '65W, AMD Radeon Graphics', 'category1'),
    ('CPU-013', 'AMD Ryzen 3 2nd Gen with Radeon Graphics - RYZEN 3 3200G Picasso (Zen+) 4-Core 3.6 GHz (4.0 GHz Max Boost) Socket AM4 65W YD3200C5FHBOX Desktop Processor', 'Built-In Radeon Vega 8 Graphics, 2nd GEN with Radeon Graphic, Socket AM4, Max Boost Frequency 4.0 GHz, L2 Cache 2MB, L3 Cache 4MB', 'category1'),
    ('CPU-014', 'AMD RYZEN 9 3900X 12-Core 3.8 GHz (4.6 GHz Max Boost) Socket AM4 105W 100-000000023 Desktop Processor - OEM', '3rd Gen Ryzen, Socket AM4, Max Boost Frequency 4.6 GHz, DDR4 Supports', 'category1'),
    ('CPU-015', 'AMD FX-8350 Black Edition Vishera 8-Core 4.0 GHz (4.2 GHz Turbo) Socket AM3+ 125W FD8350FRHKBOX Desktop Processor', '32nm Vishera 125W, 8MB L3 Cache, 8MB L2 Cache', 'category1'),
    ('CPU-016', 'Intel Core i7-12700KF - Core i7 12th Gen Alder Lake 12-Core (8P+4E) 3.6 GHz LGA 1700 125W Desktop Processor - BX8071512700KF', 'Intel 7 Alder Lake Processor Base Power: 125W, Maximum Turbo Power: 190W, 25MB L3 Cache, 12MB L2 Cache, None Integrated Graphics', 'category1'),
    ('CPU-017', 'Intel Core i7-12700K - Core i7 12th Gen Alder Lake 12-Core (8P+4E) 3.6 GHz LGA 1700 125W Intel UHD Graphics 770 Desktop Processor - BX8071512700K', 'Intel 7 Alder Lake Processor Base Power: 125W, Maximum Turbo Power: 25MB L3 Cache, 12MB L2 Cache, Intel UHD Graphics 770', 'category1'),
    ('CPU-018', 'Intel Core i9-13900K - Core i9 13th Gen Raptor Lake 24-Core (8P+16E) P-core Base Frequency: 3.0 GHz E-core Base Frequency: 2.2 GHz LGA 1700 125W Intel UHD Graphics 770 Desktop Processor - BX8071513900K', 'Raptor Lake 125W, 36MB L3 Cache, 32MB L2 Cache, Intel UHD Graphics 770', 'category1'),
    ('CPU-019', 'Intel Core i5-12600K - Core i5 12th Gen Alder Lake 10-Core (6P+4E) 3.7 GHz LGA 1700 125W Intel UHD Graphics 770 Desktop Processor - BX8071512600K', '32nm Vishera 125W, 8MB L3 Cache, 8MB L2 Cache', 'category1'),
    ('CPU-020', 'Intel Core i7-13700K - Core i7 13th Gen Raptor Lake 16-Core (8P+8E) P-core Base Frequency: 3.4 GHz E-core Base Frequency: 2.5 GHz LGA 1700 125W Intel UHD Graphics 770 Desktop Processor - BX8071513700K', 'Raptor Lake 125W, 30MB L3 Cache, 24MB L2 Cache, Intel UHD Graphics 770', 'category1'),
    ('CPU-021', 'Intel Core i9-12900K - Core i9 12th Gen Alder Lake 16-Core (8P+8E) 3.2 GHz LGA 1700 125W Intel UHD Graphics 770 Desktop Processor - BX8071512900K', 'Intel 7 Alder Lake Processor Base Power: 125W, Maximum Turbo Power: 241W, 30MB L3 Cache, 14MB L2 Cache, Intel UHD Graphics 770', 'category1'),
    ('CPU-022', 'Intel Core i5-13600K - Core i5 13th Gen Raptor Lake 14-Core (6P+8E) 3.5 GHz LGA 1700 125W Intel UHD Graphics 770 Desktop Processor - BX8071513600K', '10nm Raptor Lake 125W, 24MB L3 Cache, 20MB L2 Cache, Intel UHD Graphics 770', 'category1'),
    ('CPU-023', 'Intel Core i5-13400F Desktop Processor 10 cores (6 P-cores + 4 E-cores) 20MB Cache, up to 4.6 GHz - Box', '32nm Vishera 125W, 8MB L3 Cache, 8MB L2 Cache', 'category1'),
    ('CPU-024', 'Intel Core i5-12400F - Core i5 12th Gen Alder Lake 6-Core 2.5 GHz LGA 1700 65W Desktop Processor - BX8071512400F', 'Intel 7 Alder Lake Processor Base Power: 65W, Maximum Turbo Power: 117W, 18MB L3 Cache, 7.5MB L2 Cache', 'category1'),
    ('CPU-025', 'Intel Core i9-13900KF - Core i9 13th Gen Raptor Lake 24-Core (8P+16E) P-core Base Frequency: 3.0 GHz E-core Base Frequency: 2.2 GHz LGA 1700 125W None Integrated Graphics Desktop Processor - BX8071513900KF', 'Raptor Lake 125W, 36MB L3 Cache, 32MB L2 Cache, None Integrated Graphics', 'category1'),
    ('CPU-026', 'Intel Core i7-13700KF - Core i7 13th Gen Raptor Lake 16-Core (8P+8E) P-core Base Frequency: 3.4 GHz E-core Base Frequency: 2.5 GHz LGA 1700 125W None Integrated Graphics Desktop Processor - BX8071513700KF', '10nm Raptor Lake 125W, 30MB L3 Cache, 24MB L2 Cache, None Integrated Graphics', 'category1'),
    ('CPU-027', 'Intel Core i5-13500 Desktop Processor 14 cores (6 P-cores + 8 E-cores) 24MB Cache, up to 4.8 GHz - Box', 'Raptor Lake Processor Base Power: 65W, Maximum Turbo Power: 154W, 24MB L3 Cache, 11.5MB L2 Cache, Intel UHD Graphics 770', 'category1'),
    ('CPU-028', 'Intel Core i7-12700 - Core i7 12th Gen Alder Lake 12-Core (8P+4E) 2.1 GHz LGA 1700 65W Intel UHD Graphics 770 Desktop Processor - BX8071512700', 'Intel 7 Alder Lake Processor Base Power: 65W, Maximum Turbo Power: 180W, 25MB L3 Cache, 12MB L2 Cache, Intel UHD Graphics 770', 'category1'),
    ('CPU-029', 'Intel Core i5-12400 - Core i5 12th Gen Alder Lake 6-Core 2.5 GHz LGA 1700 65W Intel UHD Graphics 730 Desktop Processor - BX8071512400', 'Intel 7 Alder Lake Processor Base Power: 65W, Maximum Turbo Power: 117W, 18MB L3 Cache, 7.5MB L2 Cache, Intel UHD Graphics 730', 'category1'),
    ('CPU-030', 'Intel Core i3-13100 Desktop Processor 4 cores (4 P-cores + 0 E-cores) 12MB Cache, up to 4.5 GHz - Box', '32nm Vishera 125W, 8MB L3 Cache, 8MB L2 Cache', 'category1');


INSERT INTO configurations (product_id, config_name, config_price, qty_in_store) VALUES 
    ('CPU-001', 'Ryzen 5 7600X', 249.00, 50),
    ('CPU-001', 'Ryzen 7 7700X', 349.00, 70),
    ('CPU-001', 'Ryzen 9 7900X', 403.44, 30),
    ('CPU-001', 'Ryzen 9 7950X', 598.99, 56),
    ('CPU-002', 'Ryzen 9 7950X3D', 662.00, 100),
    ('CPU-002', 'Ryzen 9 7900X3D', 549.99, 80),
    ('CPU-002', 'Ryzen 7 7800X3D', 477.99, 60),
    ('CPU-003', 'Ryzen 5 3600XT', 721.60, 80),
    ('CPU-004', 'Ryzen 5 3600 6-Core', 477.99, 60),
    ('CPU-005', 'Ryzen 5 4600G', 477.99, 60),
    ('CPU-006', 'Ryzen Threadripper PRO', 477.99, 60),
    ('CPU-007', 'RYZEN 5 3600 6-Core (4.2 GHz Max Boost)', 477.99, 60),
    ('CPU-008', 'Ryzen 9 7000 Series 12-Core', 477.99, 60),
    ('CPU-009', 'Ryzen 7 3700X', 238.69, 187),
    ('CPU-009', 'Ryzen 9 3900X', 369.99, 230),
    ('CPU-009', 'Ryzen 7 3800X', 278.99, 154),
    ('CPU-010', 'Ryzen Threadripper PRO', 2099.00, 164),
    ('CPU-011', 'Ryzen 9 7900', 428.00, 120),
    ('CPU-012', 'Ryzen 5 4500', 79.00, 135),
    ('CPU-013', 'Ryzen 3 3200G', 89.99, 158),
    ('CPU-013', 'Ryzen 5 3400G', 121.99, 125),
    ('CPU-014', 'RYZEN 9 3900X', 209.83, 155),
    ('CPU-015', 'FX-8350', 671.98, 142),
    ('CPU-015', 'FX-6350', 136.96, 124),
    ('CPU-015', 'FX-8320', 539.84, 135),
    ('CPU-015', 'FX-8320E', 49.82, 135),
    ('CPU-016', 'Intel Core i7-12700KF', 289.99, 257),
    ('CPU-017', 'Intel Core i7-12700K', 314.99, 255),
    ('CPU-018', 'Intel Core i9-13900K', 577.99, 54),
    ('CPU-019', 'Intel Core i5-12600K', 249.99, 33),
    ('CPU-020', 'Core i7-13700K', 419.99, 115),
    ('CPU-021', 'Intel Core i9-12900K', 429.99, 122),
    ('CPU-022', 'i7-13700KF', 378.00, 135),
    ('CPU-022', 'i7-13700K', 419.99, 102),
    ('CPU-022', 'i9-13900KF', 552.99, 114),
    ('CPU-022', 'i9-13900K', 577.99, 20),
    ('CPU-023', 'i7-13700F', 348.00, 15),
    ('CPU-023', 'i7-13700', 149.98, 215),
    ('CPU-023', 'i9-13900F', 539.00, 233),
    ('CPU-023', 'i9-13900', 566.99, 156),
    ('CPU-024', 'Intel Core i5-12400F', 149.98, 33),
    ('CPU-025', 'i7-13700KF', 378.00, 179),
    ('CPU-025', 'i7-13700K', 419.99, 199),
    ('CPU-025', 'i9-13900KF', 552.99, 189),
    ('CPU-025', 'i9-13900K', 577.99, 103),
    ('CPU-026', 'i7-13700KF', 378.00, 30),
    ('CPU-026', 'i7-13700K', 419.99, 44),
    ('CPU-026', 'i9-13900KF', 552.99, 52),
    ('CPU-026', 'i9-13900K', 577.99, 63),
    ('CPU-027', 'i7-13700F', 348.00, 184),
    ('CPU-027', 'i7-13700', 378.00, 211),
    ('CPU-027', 'i9-13900F', 539.00, 98),
    ('CPU-027', 'i9-13900', 566.99, 201),
    ('CPU-028', 'Intel Core i7-12700', 296.00, 77),
    ('CPU-029', 'Intel Core i5-12400', 177.99, 66),
    ('CPU-030', 'i3-13100F', 121.99, 85),
    ('CPU-030', 'i3-13100', 144.89, 86),
    ('CPU-030', 'i5-13400F', 208.98, 57),
    ('CPU-030', 'i5-13400', 230.98, 22);


INSERT INTO products (product_id, pname, description, category_id) VALUES 
    ('CPUC-001', '240 ARGB CPU Water Cooler 5V 3-PIN Connector 240mm Addressable RGB Fan 240mm CPU Liquid Cooler,AIO Cooler, Intel 115X/1200/1700/1366/2011 / 2066, AMD AM5 / AM4 /AM3+/AM3/AM2+/AM2/FM2+/FM2/', 'Addressable RGB Sync: The Addressabe RGB lighting on the fans and pump can sync with motherboard via 5V 3pin interface, provide even and rich illumination.Compatible with motherboard software includes aura Sync, Gigabyte RGB FUSION, MSI Mystic Light Sync, etc., Better Cooling Performance: With a more efficient cold plate, spraying copper bottom, proprietary pump and fans optimized for static pressure to make sure the excellent heat transfer from cpu.', 'category3'),
    ('CPUC-002', 'be quiet! 250W TDP Dark Rock Pro 4 CPU Cooler with Silent Wings - PWM Fan - 135 mm LGA 1700 Compatible', 'German Engineering - German Design - German Quality - German Performance, 2 virtually inaudible Silent Wings PWM fans, Funnel-shaped frame of the front fan for high air pressure, Achieves only 24.3dB(A) at maximum fan speed, 7 high-performance copper heat pipes', 'category3'),
    ('CPUC-003', 'Scythe Mugen 5 Rev. C CPU Air Cooler, 120mm Single Tower, Black Edition, Intel LGA1700, LGA1151, AMD AM5/AM4/Ryzen 120mm, Single Tower', 'Tower design, 6 heat pipes with high-quality copper base ensure superior performance. The Kaze Flex II fan offers improved performance with a new fan frame, which has been specially designed for use on CPU coolers, provides superior cooling performance for mainstream, gaming PC, even overclocking with high TDP processor(12900K, 12700K, 11900K, 11700K, 10900K, 10980XE, 9900k, 9700k, 9600k, 3700x), Quiet 120mm Kaze Flex II fan (Fluid Dynamic Bearing) for high airflow and static pressure with silent operation(PWM, 300-1500RPM). Addition fan clip for adding 2nd fan(optional) as push-pull configuration for maximal performance.', 'category3'),
    ('CPUC-004', 'XIGMATEK Air Killer S Black CPU Air Cooler Black Nickel Plated Fins 4 Copper Heat-Pipes Direct Touch Technology PWM 12cm ARGB Fan Anti-Vibration Motor Minimizes Vibration And Noise', 'None', 'category3'),
    ('CPUC-005', 'CORSAIR iCUE H150i ELITE CAPELLIX XT Liquid CPU Cooler - AF120 RGB ELITE Fans - 360mm Radiator - Intel® LGA 1700, 1200, 115X, 2066 AMD® AM5, AM4', 'Compatible with Intel® LGA 1700, 1200, 115X, 2066, and AMD® Socket AM5 and AM4 motherboard sockets, 3x AF RGB ELITE Fans with AirGuide Technology, Extreme PWM fan speeds up to 2,100 RPM, Zero RPM Mode support, Included iCUE COMMANDER CORE RGB lighting and fan speed controller, 33 Ultra-bright CAPELLIX LEDs on pump head', 'category3'),
    ('CPUC-006', 'Thermaltake UX200 SE, 5V Motherboard ARGB Sync 16.8 Million Colors 15 Addressable LED, AMD/Intel (LGA 1700) Universal Socket, Copper Base U-Shape Heatpipes, 170W CPU Cooler CL-P105-AL12SW-A', '800 ~ 1800 RPM, 62.72 CFM, Aluminum & Copper', 'category3'),
    ('CPUC-007', 'Enermax ETS-F40 ARGB CPU Air Cooler, 200W+ TDP for Intel/ AMD Universal Socket, AM4 & AM5 / LGA 1700/1200/1151, 4 Direct Contact Heat Pipes, 140mm Silent PWM Fan - AM5 & LGA1700 Ready', 'Luminous Addressable RGB Cap and Fan, 200W TDP By Provided 140mm Silent Hub ARGB Fan, 4 Heat-Pipe Direct Touch Base Design, Silent operation with starting fan speed 300rpm, 140mm Silence Fan Design', 'category3'),
    ('CPUC-008', 'JONSBO CR1400 WHITE CPU Cooler H126mm , Air Cooling Tower Radiator , Desktop PC AM4/AM5 heatsink, 4 Copper Heatpipes for AMD /Intel LGA1200/115X , 92mm RGB Fan, Auto RGB Lighting on Top, White', '[ 4 Copper Heat Pipe Tower CPU Cooler ] 4 Pure copper vacuum heat pipes directly contact the CPU, which can quickly conduct heat to the heat pipes and fins without obstacles, [ Dimensions: L 93 * W 78 * H 126mm] Compatible with most of the tower case, [ Top Luminous RGB Design ] Design of luminous nameplate at the top of cooling tower. Lighting is rainbow only by random, not addressable., [ 92mm PWM RGB FAN - 4PIN ] The fan only needs to be connected to the Fan 4Pin interface of the motherboard,The fan automatically changes the color light effect(Note: manual or external control is no need)', 'category3'),
    ('CPUC-009', 'Cryo-PC CPC-ZA92, Low-Profile CPU Cooler with 90mm RGB Fan for AMD/INTEL, Easy Install Bracket Included', 'Socket Support: Intel LGA 1700/1200/1156/1155/1151/1150, AMD AM2/AM3/AM3+/AM4, Fan Size: 90 x 90 x 25mm, Cooler Height: 80mm (3.125in), Connector 3-pin', 'category3'),
    ('CPUC-010', 'DeepCool AK620 High-Performance CPU Cooler, Dual-Tower Design, 2x 120mm Fluid Dynamic Bearing Fans, 6 Copper Heat Pipes, 260W Heat Dissipation, Black.', 'Advanced Heat Transfer - Achieve higher overclocking performance with a heat dissipation power of 260W to cool demanding CPUs, DeepCool 120mm FDB Fans - Includes two 120mm PWM fans with fluid dynamic bearings for greater friction reduction resulting in lower noise and longer reliability, Exceptional Cooling - Dual-Tower design with 6 copper heat pipes through a dense fin-array', 'category3'),
    ('CPUC-011', 'Cooler Master Hyper 212 Black Edition CPU Air Cooler, Silencio FP120 Fan, Anodized Gun-Metal Black, Brushed Nickel Fins, 4 Copper Direct Contact Heat Pipes for AMD Ryzen/Intel LGA1700/1200/1151', '650 ~ 2000 RPM (PWM) +/- 10%, 42 CFM (Max), 4 Heat Pipes/ Direct Contact/ Aluminum Fins', 'category3'),
    ('CPUC-012', 'Iceberg Thermal IceSLEET G4 Silent CPU Air Cooler 4 Nickel-Plated Heatpipes with 120mm PWM Fan for Intel and AMD AM5 LGA 1700 Compatible', 'Fantastic 4 symmetrical direct touch Nickel-Plated heat pipes CPU cooler for Work Hard/Play Hard, Features with an IceGALE 120mm PWM Fan, as well as the innovative Fan Slide-Lock Technology, which eliminates the need for clips to secure the fan to the heatsink, Exceptional 170W TDP range, with great airflow of 50 CFM, a high speed of 600-1200 RPM', 'category3'),
    ('CPUC-013', 'Vetroo V5 CPU Air Cooler w/ 5 Heat Pipes 120mm PWM Processor 150W TDP Cooler for Intel LGA 1700/1200/115X AMD AM5/AM4 w/Addressable RGB Lights Sync', 'Addressable RGB motherboard Sync: The lighting can sync with motherboard via 5V 3pin interface, provide even and rich illumination., PWM Smart Control: 4-Pin PWM control allows for dynamic speed adjustment between 800 to 1700 RPM, minimizing noise and maximizing airflow., Low Noise Operation: 9 fan blades and 8 vibration rubber pads provides an excellent silent experience and great airflow.(Max. Airflow: 21-52 CFM, Fan Noise: 30.8 dBA)', 'category3'),
    ('CPUC-014', 'Dark Freezer X93 Dark Freezer X93 Intel / Ryzen Compatible CPU Cooler with 92mm FRGB LED Fan, Intel LGA 775/115X/1366/2011/2066, AMD AM2/AM3/AM4/FM1/FM2 with 4pin PWM Fan', '95W TDP, Intel / AMD Ready, Direct Contact Desing, Hydraulic Bearing, F-RGB Fan', 'category3'),
    ('CPUC-015', 'DeepCool GAMMAXX AG620 Dual-Tower CPU Cooler, 2x 120mm Fan, Six Copper Heat Pipes, Intel/AMD Support', 'Substantial Cooling: Optimized for performance, the AG620 dual-tower CPU cooler offers a superb price-performance ratio with up to 260W of heat dissipation power in a streamlined package., Double the Performance: A precision machined copper base rapidly transfers heat from the CPU into a dual-tower heat sink layout for wide-range thermal power control that provides consistent cooling capacity., Better By Design: Six highly efficient heat pipes on the copper base directly contact the CPU heat spreader for rapid heat transfer and excellent performance.', 'category3'),
    ('CPUC-016', 'Noctua NH-U9S, Premium CPU Cooler with NF-A9 92mm Fan (Brown)', 'Compact single-tower design combines strong cooling performance with excellent case-, RAM- and PCIe-compatibility, Only 125mm height is ideal for HTPCs, ITX and Small Form Factor builds; Does not overhang the RAM or PCIe slots on most current motherboards, Highly optimised NF-A9 92mm fan with PWM support and Low-Noise Adaptor for automatic speed control and ultra-quiet operation', 'category3'),
    ('CPUC-017', 'Iceberg Thermal IceSLEET G3 CPU Air Cooler 3 Nickel-Plated Heatpipes with 120mm PWM Fan for Intel and AMD LGA 1700 AM5 Compatible', 'Fantastic 3 symmetrical direct touch Nickel-Plated heat pipes CPU cooler for Entry-Level PC builders, Features with an IceGALE 120mm PWM Fan, as well as the innovative Fan Slide-Lock Technology, which eliminates the need for clips to secure the fan to the heatsink, Exceptional 160W TDP range, with great airflow of 50 CFM, a high speed of 600-1200 RPM, With a maximum noise level of 20.5 dBA, youll get the quietest performance possible', 'category3'),
    ('CPUC-018', 'Noctua NH-L12S, Premium Low Profile CPU Cooler with Quiet 120mm PWM Fan (Brown)', 'Compact, premium-quality low-profile CPU cooler (70mm total height), Further improved successor to the award-winning NH-L12, ideal for ITX and HTPC systems, Highly optimised NF-A12x15 120mm fan with PWM support and Low-Noise Adaptor for automatic speed control and ultra-quiet operation', 'category3'),
    ('CPUC-019', 'arctic liquid freezer ii 360 a-rgb - multi-compatible all-in-one cpu aio water cooler with a-rgb, compatible with intel & amd, efficient pwm-controlled pump, fan speed: 200-1800 rp', '32nm Vishera 125W, 8MB L3 Cache, 8MB L2 Cache', 'category3'),
    ('CPUC-020', 'Vetroo V360 White Liquid CPU Cooler, 3X 120mm Addressable RGB & PWM Fans/Pump, 360mm Radiator 290W TDP AIO Water Cooler w/Controller Hub for Intel LGA 1700/1200/115X AMD AM5/AM4', 'Addressable RGB Sync: The Addressabe RGB lighting on the fans and pump can sync with motherboard via 5V 3pin interface, provide even and rich illumination., Dual PWM Fans: The speed of dual PWM fans can be auto adjusted, provide the better airflow or lower noise. (Note: The PWM mode must be set in BOIS before cooler operation, otherwise the fan will run at a fixed speed of full speed or low speed), Better Cooling Performance: With a more efficient cold plate, spraying copper bottom, proprietary pump and fans optimized for static pressure to make sure the excellent heat transfer from cpu.', 'category3'),
    ('CPUC-021', 'Cooler Master Hyper 212X - CPU Cooler with Dual 120mm PWM Fan', '600 - 2,000 RPM (PWM) +/- 10%, 24.9 - 82.9 CFM +/- 10%, 4 Direct contact heatpipes / Aluminum fins', 'category3'),
    ('CPUC-022', 'Enermax LIQMAX III 360 ARGB, All-in-one CPU Liquid Cooler for AM4 & AM5 / LGA 1700/1200/1151, 360mm Radiator, Dual-Chamber Water Block, ARGB Fan - AM5 & LGA1700 Ready', 'Patented Dual Chamber Structure – Increase lifespan without compromise efficiency, Central Coolant inlet Design and Patented Shunt Channel Technology, Aurabelt design on water block and luminous fan display vivid RGB lighting effects', 'category3'),
    ('CPUC-023', 'ASUS ROG Strix LC II 360 All-in-one AIO Liquid CPU Cooler 360mm Radiator, Intel LGA1700, 115x/2066 and AMD AM4/TR4 Support,Triple 120mm 4-pin PWM Fans', 'Seventh Gen Asetek pump delivers exceptional cooling and minimal noise with an operating range starting at 840 rpm, ROG-designed radiator fans for optimized airflow and static pressure, Individually addressable RGB and NCVM-coating pump over accentuates the sleep, modern aesthetics', 'category3'),
    ('CPUC-024', 'ASUS ROG RYUO III 360 ARGB White Edition All-in-one AIO Liquid CPU Cooler 360mm Radiator, Asetek 8th gen pump solution, Anime Matrix™ LED Display and ROG AF 12S ARGB fan', 'The latest 8th gen Asetek pump equipped 3 phase motor pump delivers ultimate cooling performance with higher flow and lower impedance., The ASUS-exclusive Anime Matrix™ is a mini LED array that can display ROG-exclusive anime content, core system stats, and customize animations.', 'category3'),
    ('CPUC-025', 'NZXT Kraken RGB 280mm - RL-KR280-W1- AIO RGB CPU Liquid Cooler - LCD Display - 2 x F140RGB Core Fans Radiator Fans White LGA 1700 / AM5 Compatible', 'PERFORMANCE IN REAL TIME: Proudly display custom images and system specs in real time. The 1.54" diameter LCD display screen provides a clean image., STAY COOL: Powerfully quiet F RGB Series Static Pressure fans provide cooling with superior heat dissipation capability. The 7th gen Asetek pump ensures your Kraken stays cool and quiet at 2800 RPM.', 'category3'),
    ('CPUC-026', 'Vetroo V240 White Liquid CPU Cooler 240mm Addressable RGB & PWM Pump & Fans 250W TDP AIO Water Cooler w/Controller Hub for Intel LGA 1700/1200/115X AMD AM5/AM4', 'Addressable RGB Sync: The Addressabe RGB lighting on the fans and pump can sync with motherboard via 5V 3pin interface, provide even and rich illumination., Dual PWM Fans: The speed of fans can auto adjusted according to CPU temperature, provide the better airflow or lower noise. (Note: The PWM mode must be set in BOIS before cooler operation, otherwise the fan will run at a fixed speed of full or low speed), Better Cooling Performance: With a more efficient cold plate, spraying copper bottom, proprietary pump and fans optimized for static pressure to make sure the excellent heat transfer from cpu.', 'category3'),
    ('CPUC-027', 'Vetroo V240 Liquid CPU Cooler 240mm Addressable RGB & PWM Pump & Fans 250W TDP AIO Water Cooler w/Controller Hub for Intel LGA 1700/1200/115X AMD AM5/AM4', 'Addressable RGB Sync: The Addressabe RGB lighting on the fans and pump can sync with motherboard via 5V 3pin interface, provide even and rich illumination., Dual PWM Fans: The speed of fans can auto adjusted according to CPU temperature, provide the better airflow or lower noise. (Note: The PWM mode must be set in BOIS before cooler operation, otherwise the fan will run at a fixed speed of full or low speed), Better Cooling Performance: With a more efficient cold plate, spraying copper bottom, proprietary pump and fans optimized for static pressure to make sure the excellent heat transfer from cpu.', 'category3'),
    ('CPUC-028', 'Thermalright AXP90 X53 Black Low Profile CPU Cooler with Quite 92mm Slin PWM Fan, AGHP Technology, 53mm Height, for AMD AM4 AM5/Intel LGA 1700/1150/1151/1155/1200,Downward Tower Cooler', 'AGHP technique-4×6mm heat pipes apply AGHP technique,Solve the Inverse gravity effect caused by vertical/horizontal orientation,the cooling effect of the cpu cooler is also doubled by the process of secondary welding of heat pipes and fins.CPU cooler TDP is 150W, CPU Cooler dimensions: 94.5(L)x95(W)x53(H)mm;Compact underpressure cooler with secondary reflow process,fins in aluminium throughout,overall height of 53mm,designed for ITX motherboards, PWM Fan Model:TL-9015B;Size:92x92x15mm;Speed (RPM):2700±10%;Air flow:42.58CFM;Noise22.4dBa.Automatic speed control of the motherboard through the 4PIN PWM fan cable interface,which can determine the speed according to the temperature of the motherboard', 'category3'),
    ('CPUC-029', 'JONSBO CR-3000ARGB CPU Cooler,120mm Dual-Fan Dual-Tower,7 High Efficiency Composite Anti-gravity Heatpipe,Support AM5/Intel LGA 1700,Illusion topper with ARGB,No Blocking of the Memory, Black', 'JONSBO CR-3000ARGB 120mm Dual-Fan, Dual-Tower CPU Cooler-, High efficiency composite heat pipe:6mm*7 nickel-plated for long-lasting resistance to oxidation and more efficient anti-gravity mounting, Dual towers and fans for enhanced cooling performance, Fantasy Space Cover : Illusion topper with ARGB illusion light effect, Bringing a New Fantasy Experience to you.', 'category3'),
    ('CPUC-030', 'ARCTIC Liquid Freezer II 280 RGB - Multi-Compatible All-in-one RGB CPU AIO Water Cooler, Black ACFRE00108A', 'Intel Socket: 1700 (Kit available), 1200, 115X, 2011-3*, 2066* *Square ILM, AMD Socket: AM4, Ram Clearance: unlimited, Warranty: 6 Years, Operating Ambient Temperature: 0 - 40 °C', 'category3');

INSERT INTO configurations (product_id, config_name, config_price, qty_in_store) VALUES 
    ('CPUC-001', '240 ARGB CPU Water Cooler', 69.99, 95),
    ('CPUC-002', '250W TDP Dark Rock Pro', 89.90, 77),
    ('CPUC-003', 'Scythe Mugen 5 Rev. C', 49.99, 88),
    ('CPUC-004', 'XIGMATEK Air Killer S', 44.99, 202),
    ('CPUC-005', 'CORSAIR iCUE H150i', 219.99, 77),
    ('CPUC-006', 'Thermaltake UX200 SE', 19.99, 44),
    ('CPUC-007', 'Enermax ETS-F40 ARGB', 49.99, 127),
    ('CPUC-008', 'JONSBO CR1400 WHITE', 30.99, 222),
    ('CPUC-009', 'Cryo-PC CPC-ZA92', 18.99, 227),
    ('CPUC-010', 'DeepCool AK620', 65.90, 88),
    ('CPUC-011', 'Cooler Master Hyper 212', 54.58, 128),
    ('CPUC-012', 'Iceberg Thermal IceSLEET',40.49, 95),
    ('CPUC-013', 'Vetroo V5 CPU Air Cooler', 34.99, 99),
    ('CPUC-014', 'Dark Freezer X93', 18.90, 78),
    ('CPUC-015', 'DeepCool GAMMAXX', 49.99, 187),
    ('CPUC-016', 'NH-U9S', 59.95, 78),
    ('CPUC-016', 'NH-U9 TR4-SP3', 79.95, 186),
    ('CPUC-016', 'NH-U9DX i4', 86.99, 186),
    ('CPUC-017', 'Iceberg Thermal IceSLEET G3', 35.99, 88),
    ('CPUC-018', 'NH-L12S', 99.61, 154),
    ('CPUC-018', 'NH-L12 Ghost S1 Edition', 54.59, 65),
    ('CPUC-019', 'arctic liquid freezer ii', 199.89, 44),
    ('CPUC-020', 'Vetroo V360 White', 109.99, 145),
    ('CPUC-021', 'Cooler Master Hyper', 50.99, 195),
    ('CPUC-022', 'Enermax LIQMAX III', 84.99, 115),
    ('CPUC-023', 'ASUS ROG Strix LC', 199.99, 77),
    ('CPUC-024', 'ASUS ROG RYUO III', 289.99, 42),
    ('CPUC-025', 'NZXT Kraken RGB 280mm', 199.99, 44),
    ('CPUC-026', 'Vetroo V240 White', 79.99, 95),
    ('CPUC-027', 'Vetroo V240 Liquid CPU', 79.99, 94),
    ('CPUC-028', 'Thermalright AXP90', 31.90, 68),
    ('CPUC-029', 'JONSBO CR-3000ARGB', 45.99, 297),
    ('CPUC-030', 'ARCTIC Liquid Freezer', 166.49, 300),

INSERT INTO products (product_id, pname, description, category_id) VALUES 
    ('ASS-001', 'Citizen CL-E300XUBNNA CL-E300 Series Compact LAN-as-standard Direct Thermal Barcode and Label Printer – USB/LAN/Serial – Black', 'Front-loading and sensor adjustment access, Ethernet 10/100 and USB 2.0 interfacing, Tool-free maintenance, Accepts media rolls of up to 5 in.', 'category10'),
    ('ASS-002', 'ORICO Type C Extension Cable 3.3ft 20Gbps Data Transfer Fast Charge 100W HD 4K @60Hz Braided Type C Cord Male to Female for MacBook Pro 2020, iPad Pro 2020, iPad Air 4, Galaxy S20, and More', '- 20Gbps Transfer Speed, USB3.2 Gen 2*2 Gbps Transfer Speed,handle large files easily.Theoretical Speed up to 2500MB/s,Practical Speed up tp 2000+MB/s.(The original cable and the extension cable should all support 20Gbps transfer speed.), - Up to 100 W Power Delivery', 'category10'),
    ('ASS-003', 'Fujitsu ScanSnap iX1300 Document Scanner - Black', 'Easy One-Button scanning, Scans 30 pages per minute, 20-page Automatic Document Feeder with U-turn Path Ejection, Manual Feeder with Return Path Ejection, Dual-feeder Duplex Scanning', 'category10'),
    ('ASS-004', 'Fujitsu ScanSnap iX1600 Versatile Cloud Enabled Scanner, Black', 'Intuitive 4.3-inch touch screen, Wi-Fi (2.5/5GHz*) or USB connectivity, 33% faster than its predecessor - Fast scans up to 40 ppm/80 ipm (A4-size documents, color, 300dpi), ScanSnap Cloud connects to your favorite cloud drive to manage your documents, receipts, business cards, and photos.', 'category10'),
    ('ASS-005', 'Furmax 63 Inch Gaming Desk Y-Shaped PC Computer Table with Carbon Fiber Surface Free Mouse Pad Home Office Desk Gamer Table with Game Handle Rack Headphone Hook and Cup Holder (Black)', 'Stable and Sturdy: The desk is constructed of a solid steel and premium density fiberboard which is durable and uneasy to rust. Y-shaped design gives a good stable support. Besides, the adjustable feet can always keep horizontal even on uneven ground., Ergonomic and Considered: The round corners protect your family from injury. The 2 cutouts and power socket box can safely manage all messy cables and can also meet your electricity needs., Organized and Convenient: The desk is equipped with a cup holder, headphone hook and game handle rack which make your game gears well organized and within reach.', 'category10'),
    ('ASS-006', 'EPSON A43S020461 Franking Cartridge EFC-01 for Capture One Black', 'Black, Single Pack', 'category10'),
    ('ASS-007', '', '', 'category10'),
    ('ASS-008', '', '', 'category10'),
    ('ASS-009', '', '', 'category10'),
    ('ASS-010', '', '', 'category10'),
    ('ASS-011', '', '', 'category10'),
    ('ASS-012', '', '', 'category10'),
    ('ASS-013', '', '', 'category10'),
    ('ASS-014', '', '', 'category10'),
    ('ASS-015', '', '', 'category10'), 
    ('ASS-016', '', '', 'category10'),
    ('ASS-017', '', '', 'category10'),
    ('ASS-018', '', '', 'category10'),
    ('ASS-019', '', '', 'category10'),
    ('ASS-020', '', '', 'category10'),
    ('ASS-021', '', '', 'category10'),
    ('ASS-022', '', '', 'category10'),
    ('ASS-023', '', '', 'category10'),
    ('ASS-024', '', '', 'category10'),
    ('ASS-025', '', '', 'category10'),
    ('ASS-026', '', '', 'category10'),
    ('ASS-027', '', '', 'category10'),
    ('ASS-028', '', '', 'category10'),
    ('ASS-029', '', '', 'category10'),
    ('ASS-030', '', '', 'category10'),

INSERT INTO configurations (product_id, config_name, config_price, qty_in_store) VALUES 
    ('ASS-001', 'Citizen CL-E300XUBNNA', 252.99, 95),
    ('ASS-002', 'ORICO Type C Extension Cable', 14.99, 95),
    ('ASS-003', 'Fujitsu ScanSnap iX1300', 299.99, 95),
    ('ASS-004', 'Fujitsu ScanSnap iX1600', 449.99, 95),
    ('ASS-005', 'Furmax 63 Inch Gaming Desk', 119.99, 95),
    ('ASS-006', 'EPSON A43S020461 Franking Cartridge', 23.99, 95),
    ('ASS-007', '', 69.99, 95),
    ('ASS-008', '', 69.99, 95),
    ('ASS-009', '', 69.99, 95),
    ('ASS-010', '', 69.99, 95),
    ('ASS-011', '', 69.99, 95),
    ('ASS-012', '', 69.99, 95),
    ('ASS-013', '', 69.99, 95),
    ('ASS-014', '', 69.99, 95),
    ('ASS-015', '', 69.99, 95),
    ('ASS-016', '', 69.99, 95),
    ('ASS-017', '', 69.99, 95),
    ('ASS-018', '', 69.99, 95),
    ('ASS-019', '', 69.99, 95),
    ('ASS-020', '', 69.99, 95),
    ('ASS-021', '', 69.99, 95),
    ('ASS-022', '', 69.99, 95),
    ('ASS-023', '', 69.99, 95),
    ('ASS-024', '', 69.99, 95),
    ('ASS-025', '', 69.99, 95),
    ('ASS-026', '', 69.99, 95),
    ('ASS-027', '', 69.99, 95),
    ('ASS-028', '', 69.99, 95),
    ('ASS-029', '', 69.99, 95),
    ('ASS-030', '', 69.99, 95),