INSERT INTO categories (category_id, category_name) VALUES 
    ('category1', 'CPU'),
    ('category2', 'RAM'),
    ('category3', 'CPU Cooler'),
    ('category4', 'Motherboard'),
    ('category5', 'Video Card'),
    ('category6', 'Case'),
    ('category7', 'Power Supplies'),
    ('category8', 'Storages'),
    ('category9', 'Operating System'),
    ('category10', 'Accessories');

INSERT INTO products (product_id, pname, description, category_id) VALUES 
    ('CPU-001', 'AMD Ryzen 5 7600X - 6-Core 4.7 GHz - Socket AM5 - 105W Desktop Processor (100-100000593WOF)', '5nm 105W 32MB L3 Cache Windows 11 Supported Cooling Device not Included - Processor Only', 'category1'),
    ('CPU-002', 'AMD Ryzen 9 7950X3D - Ryzen 9 7000 Series 16-Core 4.2 GHz Socket AM5 120W AMD Radeon Graphics Desktop Processor - 100-100000908WOF', '5nm 120W, 128MB L3 Cache, 16MB L2 Cache, AMD Radeon Graphics, Windows 11 Supported', 'category1'),
    ('CPU-003', 'AMD Ryzen 5 3600XT 6-Core 3.8 GHz Socket AM4 95W 100-100000281BOX Desktop Processor', '3rd Gen Ryzen, Socket AM4, Max Boost Frequency 4.5 GHz, DDR4 Support, ache 35MB, Thermal Design Power 95W', 'category1'),
    ('CPU-004', 'AMD 100-100000031SBX Ryzen 5 3600 6-Core, 12-Thread Unlocked Desktop Processor with Wraith Spire Cooler', '3rd Gen Ryzen ,Socket AM4 ,Max Boost Frequency 4.2 GHz ,DDR4 Support ,L2 Cache 3MB ,L3 Cache 32MBF', 'category1'),
    ('CPU-005', 'AMD Ryzen 5 4600G - Ryzen 5 4000 G-Series Renoir (Zen 2) 6-Core 3.7 GHz Socket AM4 65W AMD Radeon Graphics Desktop Processor - 100-100000147BOX', '7nm Renoir (Zen 2) 65W, 8MB L3 Cache, 3MB L2 Cache, AMD Radeon Graphics', 'category1'),
    ('CPU-006', 'AMD Ryzen Threadripper PRO 5965WX - Ryzen Threadripper PRO Chagall PRO (Zen 3) 24-Core 3.8 GHz Socket sWRX8 280W None Integrated Graphics Desktop Processor - 100-100000446WOF', '7nm Chagall PRO (Zen 3) 280W, 128MB L3 Cache, 12MB L2 Cache, None Integrated Graphics', 'category1'),
    ('CPU-007', '(Ship by Fedex)AMD RYZEN 5 3600 6-Core 3.6 GHz (4.2 GHz Max Boost) Socket AM4 65W 100-100000031BOX Desktop Processor', '3rd Gen Ryzen, Socket AM4, Max Boost Frequency 4.2 GHz, DDR4 Support, L2 Cache 3MB, L3 Cache 32MB', 'category1'),
    ('CPU-008', 'AMD Ryzen 9 7900X - Ryzen 9 7000 Series 12-Core Socket AM5 170W Desktop Processor - 100-000000589', '5nm 170W, 64MB L3 Cache', 'category1'),
    ('CPU-009', 'AMD Ryzen 7 3rd Gen - RYZEN 7 3700X Matisse (Zen 2) 8-Core 3.6 GHz (4.4 GHz Max Boost) Socket AM4 65W 100-100000071BOX Desktop Processor', '3rd Gen Ryzen, Socket AM4, Max Boost Frequency 4.4 GHz, DDR4 Support, L2 Cache 4MB, L3 Cache 32MB', 'category1'),
    ('CPU-010', 'AMD Ryzen Threadripper PRO 5965WX - Ryzen Threadripper PRO Chagall PRO (Zen 3) 24-Core 3.8 GHz Socket sWRX8 280W None Integrated Graphics Desktop Processor - 100-100000446WOF', '7nm Chagall PRO (Zen 3) 280W, 128MB L3 Cache, 12MB L2 Cache, None Integrated Graphics', 'category1'),
    ('CPU-011', 'AMD Ryzen 5 4500 - Ryzen 5 4000 Series 6-Core Socket AM4 65W None Integrated Graphics Desktop Processor - 100-100000644BOX', '65W, None Integrated Graphics', 'category1'),
    ('CPU-012', 'AMD Ryzen 9 7900 - Ryzen 9 7000 Series 12-Core Socket AM5 65W AMD Radeon Graphics Processor - 100-100000590BOX', '65W, AMD Radeon Graphics', 'category1'),
    ('CPU-013', 'AMD Ryzen 3 2nd Gen with Radeon Graphics - RYZEN 3 3200G Picasso (Zen+) 4-Core 3.6 GHz (4.0 GHz Max Boost) Socket AM4 65W YD3200C5FHBOX Desktop Processor', 'Built-In Radeon Vega 8 Graphics, 2nd GEN with Radeon Graphic, Socket AM4, Max Boost Frequency 4.0 GHz, L2 Cache 2MB, L3 Cache 4MB', 'category1'),
    ('CPU-014', 'AMD RYZEN 9 3900X 12-Core 3.8 GHz (4.6 GHz Max Boost) Socket AM4 105W 100-000000023 Desktop Processor - OEM', '3rd Gen Ryzen, Socket AM4, Max Boost Frequency 4.6 GHz, DDR4 Supports', 'category1'),
    ('CPU-015', 'AMD FX-8350 Black Edition Vishera 8-Core 4.0 GHz (4.2 GHz Turbo) Socket AM3+ 125W FD8350FRHKBOX Desktop Processor', '32nm Vishera 125W, 8MB L3 Cache, 8MB L2 Cache', 'category1'),
    ('CPU-016', 'Intel Core i7-12700KF - Core i7 12th Gen Alder Lake 12-Core (8P+4E) 3.6 GHz LGA 1700 125W Desktop Processor - BX8071512700KF', 'Intel 7 Alder Lake Processor Base Power: 125W, Maximum Turbo Power: 190W, 25MB L3 Cache, 12MB L2 Cache, None Integrated Graphics', 'category1'),
    ('CPU-017', 'Intel Core i7-12700K - Core i7 12th Gen Alder Lake 12-Core (8P+4E) 3.6 GHz LGA 1700 125W Intel UHD Graphics 770 Desktop Processor - BX8071512700K', 'Intel 7 Alder Lake Processor Base Power: 125W, Maximum Turbo Power: 25MB L3 Cache, 12MB L2 Cache, Intel UHD Graphics 770', 'category1'),
    ('CPU-018', 'Intel Core i9-13900K - Core i9 13th Gen Raptor Lake 24-Core (8P+16E) P-core Base Frequency: 3.0 GHz E-core Base Frequency: 2.2 GHz LGA 1700 125W Intel UHD Graphics 770 Desktop Processor - BX8071513900K', 'Raptor Lake 125W, 36MB L3 Cache, 32MB L2 Cache, Intel UHD Graphics 770', 'category1'),
    ('CPU-019', 'Intel Core i5-12600K - Core i5 12th Gen Alder Lake 10-Core (6P+4E) 3.7 GHz LGA 1700 125W Intel UHD Graphics 770 Desktop Processor - BX8071512600K', '32nm Vishera 125W, 8MB L3 Cache, 8MB L2 Cache', 'category1'),
    ('CPU-020', 'Intel Core i7-13700K - Core i7 13th Gen Raptor Lake 16-Core (8P+8E) P-core Base Frequency: 3.4 GHz E-core Base Frequency: 2.5 GHz LGA 1700 125W Intel UHD Graphics 770 Desktop Processor - BX8071513700K', 'Raptor Lake 125W, 30MB L3 Cache, 24MB L2 Cache, Intel UHD Graphics 770', 'category1'),
    ('CPU-021', 'Intel Core i9-12900K - Core i9 12th Gen Alder Lake 16-Core (8P+8E) 3.2 GHz LGA 1700 125W Intel UHD Graphics 770 Desktop Processor - BX8071512900K', 'Intel 7 Alder Lake Processor Base Power: 125W, Maximum Turbo Power: 241W, 30MB L3 Cache, 14MB L2 Cache, Intel UHD Graphics 770', 'category1'),
    ('CPU-022', 'Intel Core i5-13600K - Core i5 13th Gen Raptor Lake 14-Core (6P+8E) 3.5 GHz LGA 1700 125W Intel UHD Graphics 770 Desktop Processor - BX8071513600K', '10nm Raptor Lake 125W, 24MB L3 Cache, 20MB L2 Cache, Intel UHD Graphics 770', 'category1'),
    ('CPU-023', 'Intel Core i5-13400F Desktop Processor 10 cores (6 P-cores + 4 E-cores) 20MB Cache, up to 4.6 GHz - Box', '32nm Vishera 125W, 8MB L3 Cache, 8MB L2 Cache', 'category1'),
    ('CPU-024', 'Intel Core i5-12400F - Core i5 12th Gen Alder Lake 6-Core 2.5 GHz LGA 1700 65W Desktop Processor - BX8071512400F', 'Intel 7 Alder Lake Processor Base Power: 65W, Maximum Turbo Power: 117W, 18MB L3 Cache, 7.5MB L2 Cache', 'category1'),
    ('CPU-025', 'Intel Core i9-13900KF - Core i9 13th Gen Raptor Lake 24-Core (8P+16E) P-core Base Frequency: 3.0 GHz E-core Base Frequency: 2.2 GHz LGA 1700 125W None Integrated Graphics Desktop Processor - BX8071513900KF', 'Raptor Lake 125W, 36MB L3 Cache, 32MB L2 Cache, None Integrated Graphics', 'category1'),
    ('CPU-026', 'Intel Core i7-13700KF - Core i7 13th Gen Raptor Lake 16-Core (8P+8E) P-core Base Frequency: 3.4 GHz E-core Base Frequency: 2.5 GHz LGA 1700 125W None Integrated Graphics Desktop Processor - BX8071513700KF', '10nm Raptor Lake 125W, 30MB L3 Cache, 24MB L2 Cache, None Integrated Graphics', 'category1'),
    ('CPU-027', 'Intel Core i5-13500 Desktop Processor 14 cores (6 P-cores + 8 E-cores) 24MB Cache, up to 4.8 GHz - Box', 'Raptor Lake Processor Base Power: 65W, Maximum Turbo Power: 154W, 24MB L3 Cache, 11.5MB L2 Cache, Intel UHD Graphics 770', 'category1'),
    ('CPU-028', 'Intel Core i7-12700 - Core i7 12th Gen Alder Lake 12-Core (8P+4E) 2.1 GHz LGA 1700 65W Intel UHD Graphics 770 Desktop Processor - BX8071512700', 'Intel 7 Alder Lake Processor Base Power: 65W, Maximum Turbo Power: 180W, 25MB L3 Cache, 12MB L2 Cache, Intel UHD Graphics 770', 'category1'),
    ('CPU-029', 'Intel Core i5-12400 - Core i5 12th Gen Alder Lake 6-Core 2.5 GHz LGA 1700 65W Intel UHD Graphics 730 Desktop Processor - BX8071512400', 'Intel 7 Alder Lake Processor Base Power: 65W, Maximum Turbo Power: 117W, 18MB L3 Cache, 7.5MB L2 Cache, Intel UHD Graphics 730', 'category1'),
    ('CPU-030', 'Intel Core i3-13100 Desktop Processor 4 cores (4 P-cores + 0 E-cores) 12MB Cache, up to 4.5 GHz - Box', '32nm Vishera 125W, 8MB L3 Cache, 8MB L2 Cache', 'category1');


INSERT INTO configurations (product_id, config_name, config_price, qty_in_store) VALUES 
    ('CPU-001', 'Ryzen 5 7600X', 249.00, 50),
    ('CPU-001', 'Ryzen 7 7700X', 349.00, 70),
    ('CPU-001', 'Ryzen 9 7900X', 403.44, 30),
    ('CPU-001', 'Ryzen 9 7950X', 598.99, 56),
    ('CPU-002', 'Ryzen 9 7950X3D', 662.00, 100),
    ('CPU-002', 'Ryzen 9 7900X3D', 549.99, 80),
    ('CPU-002', 'Ryzen 7 7800X3D', 477.99, 60),
    ('CPU-003', 'Ryzen 5 3600XT', 721.60, 80),
    ('CPU-004', 'Ryzen 5 3600 6-Core', 477.99, 60),
    ('CPU-005', 'Ryzen 5 4600G', 477.99, 60),
    ('CPU-006', 'Ryzen Threadripper PRO', 477.99, 60),
    ('CPU-007', 'RYZEN 5 3600 6-Core (4.2 GHz Max Boost)', 477.99, 60),
    ('CPU-008', 'Ryzen 9 7000 Series 12-Core', 477.99, 60),
    ('CPU-009', 'Ryzen 7 3700X', 238.69, 187),
    ('CPU-009', 'Ryzen 9 3900X', 369.99, 230),
    ('CPU-009', 'Ryzen 7 3800X', 278.99, 154),
    ('CPU-010', 'Ryzen Threadripper PRO', 2099.00, 164),
    ('CPU-011', 'Ryzen 9 7900', 428.00, 120),
    ('CPU-012', 'Ryzen 5 4500', 79.00, 135),
    ('CPU-013', 'Ryzen 3 3200G', 89.99, 158),
    ('CPU-013', 'Ryzen 5 3400G', 121.99, 125),
    ('CPU-014', 'RYZEN 9 3900X', 209.83, 155),
    ('CPU-015', 'FX-8350', 671.98, 142),
    ('CPU-015', 'FX-6350', 136.96, 124),
    ('CPU-015', 'FX-8320', 539.84, 135),
    ('CPU-015', 'FX-8320E', 49.82, 135),
    ('CPU-016', 'Intel Core i7-12700KF', 289.99, 257),
    ('CPU-017', 'Intel Core i7-12700K', 314.99, 255),
    ('CPU-018', 'Intel Core i9-13900K', 577.99, 54),
    ('CPU-019', 'Intel Core i5-12600K', 249.99, 33),
    ('CPU-020', 'Core i7-13700K', 419.99, 115),
    ('CPU-021', 'Intel Core i9-12900K', 429.99, 122),
    ('CPU-022', 'i7-13700KF', 378.00, 135),
    ('CPU-022', 'i7-13700K', 419.99, 102),
    ('CPU-022', 'i9-13900KF', 552.99, 114),
    ('CPU-022', 'i9-13900K', 577.99, 20),
    ('CPU-023', 'i7-13700F', 348.00, 15),
    ('CPU-023', 'i7-13700', 149.98, 215),
    ('CPU-023', 'i9-13900F', 539.00, 233),
    ('CPU-023', 'i9-13900', 566.99, 156),
    ('CPU-024', 'Intel Core i5-12400F', 149.98, 33),
    ('CPU-025', 'i7-13700KF', 378.00, 179),
    ('CPU-025', 'i7-13700K', 419.99, 199),
    ('CPU-025', 'i9-13900KF', 552.99, 189),
    ('CPU-025', 'i9-13900K', 577.99, 103),
    ('CPU-026', 'i7-13700KF', 378.00, 30),
    ('CPU-026', 'i7-13700K', 419.99, 44),
    ('CPU-026', 'i9-13900KF', 552.99, 52),
    ('CPU-026', 'i9-13900K', 577.99, 63),
    ('CPU-027', 'i7-13700F', 348.00, 184),
    ('CPU-027', 'i7-13700', 378.00, 211),
    ('CPU-027', 'i9-13900F', 539.00, 98),
    ('CPU-027', 'i9-13900', 566.99, 201),
    ('CPU-028', 'Intel Core i7-12700', 296.00, 77),
    ('CPU-029', 'Intel Core i5-12400', 177.99, 66),
    ('CPU-030', 'i3-13100F', 121.99, 85),
    ('CPU-030', 'i3-13100', 144.89, 86),
    ('CPU-030', 'i5-13400F', 208.98, 57),
    ('CPU-030', 'i5-13400', 230.98, 22);


INSERT INTO products (product_id, pname, description, category_id) VALUES 
    ('CPUC-001', '240 ARGB CPU Water Cooler 5V 3-PIN Connector 240mm Addressable RGB Fan 240mm CPU Liquid Cooler,AIO Cooler, Intel 115X/1200/1700/1366/2011 / 2066, AMD AM5 / AM4 /AM3+/AM3/AM2+/AM2/FM2+/FM2/', 'Addressable RGB Sync: The Addressabe RGB lighting on the fans and pump can sync with motherboard via 5V 3pin interface, provide even and rich illumination.Compatible with motherboard software includes aura Sync, Gigabyte RGB FUSION, MSI Mystic Light Sync, etc., Better Cooling Performance: With a more efficient cold plate, spraying copper bottom, proprietary pump and fans optimized for static pressure to make sure the excellent heat transfer from cpu.', 'category3'),
    ('CPUC-002', 'be quiet! 250W TDP Dark Rock Pro 4 CPU Cooler with Silent Wings - PWM Fan - 135 mm LGA 1700 Compatible', 'German Engineering - German Design - German Quality - German Performance, 2 virtually inaudible Silent Wings PWM fans, Funnel-shaped frame of the front fan for high air pressure, Achieves only 24.3dB(A) at maximum fan speed, 7 high-performance copper heat pipes', 'category3'),
    ('CPUC-003', 'Scythe Mugen 5 Rev. C CPU Air Cooler, 120mm Single Tower, Black Edition, Intel LGA1700, LGA1151, AMD AM5/AM4/Ryzen 120mm, Single Tower', 'Tower design, 6 heat pipes with high-quality copper base ensure superior performance. The Kaze Flex II fan offers improved performance with a new fan frame, which has been specially designed for use on CPU coolers, provides superior cooling performance for mainstream, gaming PC, even overclocking with high TDP processor(12900K, 12700K, 11900K, 11700K, 10900K, 10980XE, 9900k, 9700k, 9600k, 3700x), Quiet 120mm Kaze Flex II fan (Fluid Dynamic Bearing) for high airflow and static pressure with silent operation(PWM, 300-1500RPM). Addition fan clip for adding 2nd fan(optional) as push-pull configuration for maximal performance.', 'category3'),
    ('CPUC-004', 'XIGMATEK Air Killer S Black CPU Air Cooler Black Nickel Plated Fins 4 Copper Heat-Pipes Direct Touch Technology PWM 12cm ARGB Fan Anti-Vibration Motor Minimizes Vibration And Noise', 'None', 'category3'),
    ('CPUC-005', 'CORSAIR iCUE H150i ELITE CAPELLIX XT Liquid CPU Cooler - AF120 RGB ELITE Fans - 360mm Radiator - Intel速 LGA 1700, 1200, 115X, 2066 AMD速 AM5, AM4', 'Compatible with Intel速 LGA 1700, 1200, 115X, 2066, and AMD速 Socket AM5 and AM4 motherboard sockets, 3x AF RGB ELITE Fans with AirGuide Technology, Extreme PWM fan speeds up to 2,100 RPM, Zero RPM Mode support, Included iCUE COMMANDER CORE RGB lighting and fan speed controller, 33 Ultra-bright CAPELLIX LEDs on pump head', 'category3'),
    ('CPUC-006', 'Thermaltake UX200 SE, 5V Motherboard ARGB Sync 16.8 Million Colors 15 Addressable LED, AMD/Intel (LGA 1700) Universal Socket, Copper Base U-Shape Heatpipes, 170W CPU Cooler CL-P105-AL12SW-A', '800 ~ 1800 RPM, 62.72 CFM, Aluminum & Copper', 'category3'),
    ('CPUC-007', 'Enermax ETS-F40 ARGB CPU Air Cooler, 200W+ TDP for Intel/ AMD Universal Socket, AM4 & AM5 / LGA 1700/1200/1151, 4 Direct Contact Heat Pipes, 140mm Silent PWM Fan - AM5 & LGA1700 Ready', 'Luminous Addressable RGB Cap and Fan, 200W TDP By Provided 140mm Silent Hub ARGB Fan, 4 Heat-Pipe Direct Touch Base Design, Silent operation with starting fan speed 300rpm, 140mm Silence Fan Design', 'category3'),
    ('CPUC-008', 'JONSBO CR1400 WHITE CPU Cooler H126mm , Air Cooling Tower Radiator , Desktop PC AM4/AM5 heatsink, 4 Copper Heatpipes for AMD /Intel LGA1200/115X , 92mm RGB Fan, Auto RGB Lighting on Top, White', '[ 4 Copper Heat Pipe Tower CPU Cooler ] 4 Pure copper vacuum heat pipes directly contact the CPU, which can quickly conduct heat to the heat pipes and fins without obstacles, [ Dimensions: L 93 * W 78 * H 126mm] Compatible with most of the tower case, [ Top Luminous RGB Design ] Design of luminous nameplate at the top of cooling tower. Lighting is rainbow only by random, not addressable., [ 92mm PWM RGB FAN - 4PIN ] The fan only needs to be connected to the Fan 4Pin interface of the motherboard,The fan automatically changes the color light effect(Note: manual or external control is no need)', 'category3'),
    ('CPUC-009', 'Cryo-PC CPC-ZA92, Low-Profile CPU Cooler with 90mm RGB Fan for AMD/INTEL, Easy Install Bracket Included', 'Socket Support: Intel LGA 1700/1200/1156/1155/1151/1150, AMD AM2/AM3/AM3+/AM4, Fan Size: 90 x 90 x 25mm, Cooler Height: 80mm (3.125in), Connector 3-pin', 'category3'),
    ('CPUC-010', 'DeepCool AK620 High-Performance CPU Cooler, Dual-Tower Design, 2x 120mm Fluid Dynamic Bearing Fans, 6 Copper Heat Pipes, 260W Heat Dissipation, Black.', 'Advanced Heat Transfer - Achieve higher overclocking performance with a heat dissipation power of 260W to cool demanding CPUs, DeepCool 120mm FDB Fans - Includes two 120mm PWM fans with fluid dynamic bearings for greater friction reduction resulting in lower noise and longer reliability, Exceptional Cooling - Dual-Tower design with 6 copper heat pipes through a dense fin-array', 'category3'),
    ('CPUC-011', 'Cooler Master Hyper 212 Black Edition CPU Air Cooler, Silencio FP120 Fan, Anodized Gun-Metal Black, Brushed Nickel Fins, 4 Copper Direct Contact Heat Pipes for AMD Ryzen/Intel LGA1700/1200/1151', '650 ~ 2000 RPM (PWM) +/- 10%, 42 CFM (Max), 4 Heat Pipes/ Direct Contact/ Aluminum Fins', 'category3'),
    ('CPUC-012', 'AMD Ryzen 9 7900 - Ryzen 9 7000 Series 12-Core Socket AM5 65W AMD Radeon Graphics Processor - 100-100000590BOX', '65W, AMD Radeon Graphics', 'category3'),
    ('CPUC-013', 'AMD Ryzen 3 2nd Gen with Radeon Graphics - RYZEN 3 3200G Picasso (Zen+) 4-Core 3.6 GHz (4.0 GHz Max Boost) Socket AM4 65W YD3200C5FHBOX Desktop Processor', 'Built-In Radeon Vega 8 Graphics, 2nd GEN with Radeon Graphic, Socket AM4, Max Boost Frequency 4.0 GHz, L2 Cache 2MB, L3 Cache 4MB', 'category3'),
    ('CPUC-014', 'AMD RYZEN 9 3900X 12-Core 3.8 GHz (4.6 GHz Max Boost) Socket AM4 105W 100-000000023 Desktop Processor - OEM', '3rd Gen Ryzen, Socket AM4, Max Boost Frequency 4.6 GHz, DDR4 Supports', 'category3'),
    ('CPUC-015', 'AMD FX-8350 Black Edition Vishera 8-Core 4.0 GHz (4.2 GHz Turbo) Socket AM3+ 125W FD8350FRHKBOX Desktop Processor', '32nm Vishera 125W, 8MB L3 Cache, 8MB L2 Cache', 'category3'),
    ('CPUC-016', '', '', 'category3'),
    ('CPUC-017', 'Intel Core i7-12700K - Core i7 12th Gen Alder Lake 12-Core (8P+4E) 3.6 GHz LGA 1700 125W Intel UHD Graphics 770 Desktop Processor - BX8071512700K', 'Intel 7 Alder Lake Processor Base Power: 125W, Maximum Turbo Power: 25MB L3 Cache, 12MB L2 Cache, Intel UHD Graphics 770', 'category3'),
    ('CPUC-018', 'Intel Core i9-13900K - Core i9 13th Gen Raptor Lake 24-Core (8P+16E) P-core Base Frequency: 3.0 GHz E-core Base Frequency: 2.2 GHz LGA 1700 125W Intel UHD Graphics 770 Desktop Processor - BX8071513900K', 'Raptor Lake 125W, 36MB L3 Cache, 32MB L2 Cache, Intel UHD Graphics 770', 'category3'),
    ('CPUC-019', 'Intel Core i5-12600K - Core i5 12th Gen Alder Lake 10-Core (6P+4E) 3.7 GHz LGA 1700 125W Intel UHD Graphics 770 Desktop Processor - BX8071512600K', '32nm Vishera 125W, 8MB L3 Cache, 8MB L2 Cache', 'category3'),
    ('CPUC-020', 'Intel Core i7-13700K - Core i7 13th Gen Raptor Lake 16-Core (8P+8E) P-core Base Frequency: 3.4 GHz E-core Base Frequency: 2.5 GHz LGA 1700 125W Intel UHD Graphics 770 Desktop Processor - BX8071513700K', 'Raptor Lake 125W, 30MB L3 Cache, 24MB L2 Cache, Intel UHD Graphics 770', 'category3'),
    ('CPUC-021', 'Intel Core i9-12900K - Core i9 12th Gen Alder Lake 16-Core (8P+8E) 3.2 GHz LGA 1700 125W Intel UHD Graphics 770 Desktop Processor - BX8071512900K', 'Intel 7 Alder Lake Processor Base Power: 125W, Maximum Turbo Power: 241W, 30MB L3 Cache, 14MB L2 Cache, Intel UHD Graphics 770', 'category3'),
    ('CPUC-022', 'Intel Core i5-13600K - Core i5 13th Gen Raptor Lake 14-Core (6P+8E) 3.5 GHz LGA 1700 125W Intel UHD Graphics 770 Desktop Processor - BX8071513600K', '10nm Raptor Lake 125W, 24MB L3 Cache, 20MB L2 Cache, Intel UHD Graphics 770', 'category3'),
    ('CPUC-023', 'Intel Core i5-13400F Desktop Processor 10 cores (6 P-cores + 4 E-cores) 20MB Cache, up to 4.6 GHz - Box', '32nm Vishera 125W, 8MB L3 Cache, 8MB L2 Cache', 'category3'),
    ('CPUC-024', 'Intel Core i5-12400F - Core i5 12th Gen Alder Lake 6-Core 2.5 GHz LGA 1700 65W Desktop Processor - BX8071512400F', 'Intel 7 Alder Lake Processor Base Power: 65W, Maximum Turbo Power: 117W, 18MB L3 Cache, 7.5MB L2 Cache', 'category3'),
    ('CPUC-025', 'Intel Core i9-13900KF - Core i9 13th Gen Raptor Lake 24-Core (8P+16E) P-core Base Frequency: 3.0 GHz E-core Base Frequency: 2.2 GHz LGA 1700 125W None Integrated Graphics Desktop Processor - BX8071513900KF', 'Raptor Lake 125W, 36MB L3 Cache, 32MB L2 Cache, None Integrated Graphics', 'category3'),
    ('CPUC-026', 'Intel Core i7-13700KF - Core i7 13th Gen Raptor Lake 16-Core (8P+8E) P-core Base Frequency: 3.4 GHz E-core Base Frequency: 2.5 GHz LGA 1700 125W None Integrated Graphics Desktop Processor - BX8071513700KF', '10nm Raptor Lake 125W, 30MB L3 Cache, 24MB L2 Cache, None Integrated Graphics', 'category3'),
    ('CPUC-027', 'Intel Core i5-13500 Desktop Processor 14 cores (6 P-cores + 8 E-cores) 24MB Cache, up to 4.8 GHz - Box', 'Raptor Lake Processor Base Power: 65W, Maximum Turbo Power: 154W, 24MB L3 Cache, 11.5MB L2 Cache, Intel UHD Graphics 770', 'category3'),
    ('CPUC-028', 'Intel Core i7-12700 - Core i7 12th Gen Alder Lake 12-Core (8P+4E) 2.1 GHz LGA 1700 65W Intel UHD Graphics 770 Desktop Processor - BX8071512700', 'Intel 7 Alder Lake Processor Base Power: 65W, Maximum Turbo Power: 180W, 25MB L3 Cache, 12MB L2 Cache, Intel UHD Graphics 770', 'category3'),
    ('CPUC-029', 'Intel Core i5-12400 - Core i5 12th Gen Alder Lake 6-Core 2.5 GHz LGA 1700 65W Intel UHD Graphics 730 Desktop Processor - BX8071512400', 'Intel 7 Alder Lake Processor Base Power: 65W, Maximum Turbo Power: 117W, 18MB L3 Cache, 7.5MB L2 Cache, Intel UHD Graphics 730', 'category3'),
    ('CPUC-030', 'Intel Core i3-13100 Desktop Processor 4 cores (4 P-cores + 0 E-cores) 12MB Cache, up to 4.5 GHz - Box', '32nm Vishera 125W, 8MB L3 Cache, 8MB L2 Cache', 'category3');

INSERT INTO configurations (product_id, config_name, config_price, qty_in_store) VALUES 
    ('CPUC-001', '240 ARGB CPU Water Cooler', 69.99, 95),
    ('CPUC-002', '250W TDP Dark Rock Pro', 89.90, 77),
    ('CPUC-003', 'Scythe Mugen 5 Rev. C', 49.99, 88),
    ('CPUC-004', 'XIGMATEK Air Killer S', 44.99, 202),
    ('CPUC-005', 'CORSAIR iCUE H150i', 219.99, 77),
    ('CPUC-006', 'Thermaltake UX200 SE', 19.99, 44),
    ('CPUC-007', 'Enermax ETS-F40 ARGB', 49.99, 127),
    ('CPUC-008', 'JONSBO CR1400 WHITE', 30.99, 222),
    ('CPUC-009', 'Cryo-PC CPC-ZA92', 18.99, 227),
    ('CPUC-010', 'DeepCool AK620', 65.90, 88),
    ('CPUC-011', 'Cooler Master Hyper 212', 54.58, 128),
    ('CPUC-012', '240 ARGB CPU Water Cooler', 69.99, 95),
    ('CPUC-013', '240 ARGB CPU Water Cooler', 69.99, 95),
    ('CPUC-014', '240 ARGB CPU Water Cooler', 69.99, 95),
    ('CPUC-015', '240 ARGB CPU Water Cooler', 69.99, 95),
    ('CPUC-016', '240 ARGB CPU Water Cooler', 69.99, 95),
    ('CPUC-018', '240 ARGB CPU Water Cooler', 69.99, 95),
    ('CPUC-019', '240 ARGB CPU Water Cooler', 69.99, 95),
    ('CPUC-020', '240 ARGB CPU Water Cooler', 69.99, 95),
    ('CPUC-021', '240 ARGB CPU Water Cooler', 69.99, 95),
    ('CPUC-022', '240 ARGB CPU Water Cooler', 69.99, 95),
    ('CPUC-023', '240 ARGB CPU Water Cooler', 69.99, 95),