INSERT INTO categories (category_id, category_name) VALUES 
    ('category1', 'CPU'),
    ('category2', 'RAM'),
    ('category3', 'CPU Cooler'),
    ('category4', 'Motherboard'),
    ('category5', 'Video Card'),
    ('category6', 'Case'),
    ('category7', 'Power Supplies'),
    ('category8', 'Storages'),
    ('category9', 'Operating System'),
    ('category10', 'Accessories');

INSERT INTO products (product_id, pname, description, category_id, qty_in_store) VALUES
    ('STG-001', 
	 'Western Digital WD Green SN350 NVMe M.2 2280 1TB PCI-Express 3.0 x4 Internal Solid State Drive (SSD) WDS100T3G0C',
	 'Fast NVMe performance for daily computing needs - up to 3,200MB/s
	SSDs offer shock-resistance against accidental bumps and drops
	The slim M.2 2280 form factor is ideal for computers with an NVMe slot
	Downloadable Western Digital SSD Dashboard monitors the health and usage of your drive', 
	'category8', 
	150),
	('STG-002',
	'Western Digital WD Green SN350 NVMe M.2 2280 2TB PCI-Express 3.0 x4 Internal Solid State Drive (SSD) WDS200T3G0C',
	'A Quick Upgrade, Monitor Your Drive s Health, More Room For What Is Important, Be Confident In Your Choice',
	'category8',
	151),
	('STG-003',
	'MSI SPATIUM M450 M.2 2280 1TB PCI-Express 4.0 x4, NVMe 1.4 3D NAND Internal Solid State Drive (SSD)',
	'SPATIUM was envisioned to expand our ecosystem and cover the high-performance storage category. Built with high-quality, high-density 3D NAND flash, SPATIUM SSDs deliver the best compromise of performance and endurance for professionals, content creators, and gamers.',
	'category8',
	152),
	('STG-004',
	'Western Digital WD Green SN350 NVMe M.2 2280 2TB PCI-Express 3.0 x4 Internal Solid State Drive (SSD) WDS200T3G0C',
	'A Quick Upgrade, Monitor Your Drive s Health, More Room For What Is Important, Be Confident In Your Choice',
	'category8',
	153),
	('STG-005',
	'Western Digital WD Green SN350 NVMe M.2 2280 2TB PCI-Express 3.0 x4 Internal Solid State Drive (SSD) WDS200T3G0C',
	'A Quick Upgrade, Monitor Your Drive s Health, More Room For What Is Important, Be Confident In Your Choice',
	'category8',
	154),
		
	('STG-006',
	'Western Digital WD Green SN350 NVMe M.2 2280 2TB PCI-Express 3.0 x4 Internal Solid State Drive (SSD) WDS200T3G0C',
	'A Quick Upgrade, Monitor Your Drive s Health, More Room For What Is Important, Be Confident In Your Choice',
	'category8',
	155),

	('STG-007',
	'Western Digital WD Green SN350 NVMe M.2 2280 2TB PCI-Express 3.0 x4 Internal Solid State Drive (SSD) WDS200T3G0C',
	'A Quick Upgrade, Monitor Your Drive s Health, More Room For What Is Important, Be Confident In Your Choice',
	'category8',
	156),
	('STG-008',
	'Western Digital WD Green SN350 NVMe M.2 2280 2TB PCI-Express 3.0 x4 Internal Solid State Drive (SSD) WDS200T3G0C',
	'A Quick Upgrade, Monitor Your Drive s Health, More Room For What Is Important, Be Confident In Your Choice',
	'category8',
	157),
	('STG-009',
	'Western Digital WD Green SN350 NVMe M.2 2280 2TB PCI-Express 3.0 x4 Internal Solid State Drive (SSD) WDS200T3G0C',
	'A Quick Upgrade, Monitor Your Drive s Health, More Room For What Is Important, Be Confident In Your Choice',
	'category8',
	158),
	('STG-010',
	'Western Digital WD Green SN350 NVMe M.2 2280 2TB PCI-Express 3.0 x4 Internal Solid State Drive (SSD) WDS200T3G0C',
	'A Quick Upgrade, Monitor Your Drive s Health, More Room For What Is Important, Be Confident In Your Choice',
	'category8',
	159),
	('STG-011',
	'Western Digital WD Green SN350 NVMe M.2 2280 2TB PCI-Express 3.0 x4 Internal Solid State Drive (SSD) WDS200T3G0C',
	'A Quick Upgrade, Monitor Your Drive s Health, More Room For What Is Important, Be Confident In Your Choice',
	'category8',
	160),
	('STG-012',
	'Western Digital WD Green SN350 NVMe M.2 2280 2TB PCI-Express 3.0 x4 Internal Solid State Drive (SSD) WDS200T3G0C',
	'A Quick Upgrade, Monitor Your Drive s Health, More Room For What Is Important, Be Confident In Your Choice',
	'category8',
	161),
	('STG-013',
	'Western Digital WD Green SN350 NVMe M.2 2280 2TB PCI-Express 3.0 x4 Internal Solid State Drive (SSD) WDS200T3G0C',
	'A Quick Upgrade, Monitor Your Drive s Health, More Room For What Is Important, Be Confident In Your Choice',
	'category8',
	162),
	('STG-014',
	'Western Digital WD Green SN350 NVMe M.2 2280 2TB PCI-Express 3.0 x4 Internal Solid State Drive (SSD) WDS200T3G0C',
	'A Quick Upgrade, Monitor Your Drive s Health, More Room For What Is Important, Be Confident In Your Choice',
	'category8',
	163),
	('STG-015',
	'Western Digital WD Green SN350 NVMe M.2 2280 2TB PCI-Express 3.0 x4 Internal Solid State Drive (SSD) WDS200T3G0C',
	'A Quick Upgrade, Monitor Your Drive s Health, More Room For What Is Important, Be Confident In Your Choice',
	'category8',
	164),
	('STG-016',
	'Western Digital WD Green SN350 NVMe M.2 2280 2TB PCI-Express 3.0 x4 Internal Solid State Drive (SSD) WDS200T3G0C',
	'A Quick Upgrade, Monitor Your Drive s Health, More Room For What Is Important, Be Confident In Your Choice',
	'category8',
	165),
	('STG-017',
	'Western Digital WD Green SN350 NVMe M.2 2280 2TB PCI-Express 3.0 x4 Internal Solid State Drive (SSD) WDS200T3G0C',
	'A Quick Upgrade, Monitor Your Drive s Health, More Room For What Is Important, Be Confident In Your Choice',
	'category8',
	166),
	('STG-018',
	'Western Digital WD Green SN350 NVMe M.2 2280 2TB PCI-Express 3.0 x4 Internal Solid State Drive (SSD) WDS200T3G0C',
	'A Quick Upgrade, Monitor Your Drive s Health, More Room For What Is Important, Be Confident In Your Choice',
	'category8',
	167),
	('STG-019',
	'Western Digital WD Green SN350 NVMe M.2 2280 2TB PCI-Express 3.0 x4 Internal Solid State Drive (SSD) WDS200T3G0C',
	'A Quick Upgrade, Monitor Your Drive s Health, More Room For What Is Important, Be Confident In Your Choice',
	'category8',
	168),
	('STG-020',
	'Western Digital WD Green SN350 NVMe M.2 2280 2TB PCI-Express 3.0 x4 Internal Solid State Drive (SSD) WDS200T3G0C',
	'A Quick Upgrade, Monitor Your Drive s Health, More Room For What Is Important, Be Confident In Your Choice',
	'category8',
	169),
	('STG-021',
	'Western Digital WD Green SN350 NVMe M.2 2280 2TB PCI-Express 3.0 x4 Internal Solid State Drive (SSD) WDS200T3G0C',
	'A Quick Upgrade, Monitor Your Drive s Health, More Room For What Is Important, Be Confident In Your Choice',
	'category8',
	170),
	('STG-022',
	'Western Digital WD Green SN350 NVMe M.2 2280 2TB PCI-Express 3.0 x4 Internal Solid State Drive (SSD) WDS200T3G0C',
	'A Quick Upgrade, Monitor Your Drive s Health, More Room For What Is Important, Be Confident In Your Choice',
	'category8',
	171),
	('STG-023',
	'Western Digital WD Green SN350 NVMe M.2 2280 2TB PCI-Express 3.0 x4 Internal Solid State Drive (SSD) WDS200T3G0C',
	'A Quick Upgrade, Monitor Your Drive s Health, More Room For What Is Important, Be Confident In Your Choice',
	'category8',
	172),
	('STG-024',
	'Western Digital WD Green SN350 NVMe M.2 2280 2TB PCI-Express 3.0 x4 Internal Solid State Drive (SSD) WDS200T3G0C',
	'A Quick Upgrade, Monitor Your Drive s Health, More Room For What Is Important, Be Confident In Your Choice',
	'category8',
	173),
	('STG-025',
	'Western Digital WD Green SN350 NVMe M.2 2280 2TB PCI-Express 3.0 x4 Internal Solid State Drive (SSD) WDS200T3G0C',
	'A Quick Upgrade, Monitor Your Drive s Health, More Room For What Is Important, Be Confident In Your Choice',
	'category8',
	174),
	('STG-026',
	'Western Digital WD Green SN350 NVMe M.2 2280 2TB PCI-Express 3.0 x4 Internal Solid State Drive (SSD) WDS200T3G0C',
	'A Quick Upgrade, Monitor Your Drive s Health, More Room For What Is Important, Be Confident In Your Choice',
	'category8',
	175),
	('STG-027',
	'Western Digital WD Green SN350 NVMe M.2 2280 2TB PCI-Express 3.0 x4 Internal Solid State Drive (SSD) WDS200T3G0C',
	'A Quick Upgrade, Monitor Your Drive s Health, More Room For What Is Important, Be Confident In Your Choice',
	'category8',
	176),
	('STG-028',
	'Western Digital WD Green SN350 NVMe M.2 2280 2TB PCI-Express 3.0 x4 Internal Solid State Drive (SSD) WDS200T3G0C',
	'A Quick Upgrade, Monitor Your Drive s Health, More Room For What Is Important, Be Confident In Your Choice',
	'category8',
	177),
	('STG-029',
	'Western Digital WD Green SN350 NVMe M.2 2280 2TB PCI-Express 3.0 x4 Internal Solid State Drive (SSD) WDS200T3G0C',
	'A Quick Upgrade, Monitor Your Drive s Health, More Room For What Is Important, Be Confident In Your Choice',
	'category8',
	178),
	('STG-030',
	'Western Digital WD Green SN350 NVMe M.2 2280 2TB PCI-Express 3.0 x4 Internal Solid State Drive (SSD) WDS200T3G0C',
	'A Quick Upgrade, Monitor Your Drive s Health, More Room For What Is Important, Be Confident In Your Choice',
	'category8',
	179),

INSERT INTO configurations(product_id, config_name, config_price) VALUES
	('STG-001','SN350 NVMe M.2 2280 1TB',45.99),
	('STG-002','SN350 NVMe M.2 2280 1TB',45.99),
	('STG-003','SN350 NVMe M.2 2280 1TB',45.99),
	('STG-004','SN350 NVMe M.2 2280 1TB',45.99),
	('STG-005','SN350 NVMe M.2 2280 1TB',45.99),
	('STG-006','SN350 NVMe M.2 2280 1TB',45.99),
	('STG-007','SN350 NVMe M.2 2280 1TB',45.99),
	('STG-008','SN350 NVMe M.2 2280 1TB',45.99),
	('STG-009','SN350 NVMe M.2 2280 1TB',45.99),
	('STG-010','SN350 NVMe M.2 2280 1TB',45.99),
	('STG-011','SN350 NVMe M.2 2280 1TB',45.99),
	('STG-012','SN350 NVMe M.2 2280 1TB',45.99),
	('STG-013','SN350 NVMe M.2 2280 1TB',45.99),
	('STG-014','SN350 NVMe M.2 2280 1TB',45.99),
	('STG-015','SN350 NVMe M.2 2280 1TB',45.99),
	('STG-016','SN350 NVMe M.2 2280 1TB',45.99),
	('STG-017','SN350 NVMe M.2 2280 1TB',45.99),
	('STG-018','SN350 NVMe M.2 2280 1TB',45.99),
	('STG-019','SN350 NVMe M.2 2280 1TB',45.99),
	('STG-020','SN350 NVMe M.2 2280 1TB',45.99),
	('STG-021','SN350 NVMe M.2 2280 1TB',45.99),
	('STG-022','SN350 NVMe M.2 2280 1TB',45.99),
	('STG-023','SN350 NVMe M.2 2280 1TB',45.99),
	('STG-024','SN350 NVMe M.2 2280 1TB',45.99),
	('STG-025','SN350 NVMe M.2 2280 1TB',45.99),
	('STG-026','SN350 NVMe M.2 2280 1TB',45.99),
	('STG-027','SN350 NVMe M.2 2280 1TB',45.99),
	('STG-028','SN350 NVMe M.2 2280 1TB',45.99),
	('STG-029','SN350 NVMe M.2 2280 1TB',45.99),
	('STG-030','SN350 NVMe M.2 2280 1TB',45.99)