USE hustpc_db;

INSERT INTO categories (category_id, category_name) VALUES 
    ('category1', 'CPU'),
    ('category2', 'RAM'),
    ('category3', 'CPU Cooler'),
    ('category4', 'Motherboard'),
    ('category5', 'Video Card'),
    ('category6', 'Case'),
    ('category7', 'Power Supplies'),
    ('category8', 'Storages'),
    ('category9', 'Operating System'),
    ('category10', 'Accessories');

INSERT INTO products (product_id, pname, description, category_id) VALUES 
    ('CPU-001', 'AMD Ryzen 5 7600X - 6-Core 4.7 GHz - Socket AM5 - 105W Desktop Processor (100-100000593WOF)', '5nm 105W 32MB L3 Cache Windows 11 Supported Cooling Device not Included - Processor Only', 'category1'),
    ('CPU-002', 'AMD Ryzen 9 7950X3D - Ryzen 9 7000 Series 16-Core 4.2 GHz Socket AM5 120W AMD Radeon Graphics Desktop Processor - 100-100000908WOF', '5nm 120W, 128MB L3 Cache, 16MB L2 Cache, AMD Radeon Graphics, Windows 11 Supported', 'category1'),
    ('CPU-003', 'AMD Ryzen 5 3600XT 6-Core 3.8 GHz Socket AM4 95W 100-100000281BOX Desktop Processor', '3rd Gen Ryzen, Socket AM4, Max Boost Frequency 4.5 GHz, DDR4 Support, ache 35MB, Thermal Design Power 95W', 'category1'),
    ('CPU-004', 'AMD 100-100000031SBX Ryzen 5 3600 6-Core, 12-Thread Unlocked Desktop Processor with Wraith Spire Cooler', '3rd Gen Ryzen ,Socket AM4 ,Max Boost Frequency 4.2 GHz ,DDR4 Support ,L2 Cache 3MB ,L3 Cache 32MBF', 'category1'),
    ('CPU-005', 'AMD Ryzen 5 4600G - Ryzen 5 4000 G-Series Renoir (Zen 2) 6-Core 3.7 GHz Socket AM4 65W AMD Radeon Graphics Desktop Processor - 100-100000147BOX', '7nm Renoir (Zen 2) 65W, 8MB L3 Cache, 3MB L2 Cache, AMD Radeon Graphics', 'category1'),
    ('CPU-006', 'AMD Ryzen Threadripper PRO 5965WX - Ryzen Threadripper PRO Chagall PRO (Zen 3) 24-Core 3.8 GHz Socket sWRX8 280W None Integrated Graphics Desktop Processor - 100-100000446WOF', '7nm Chagall PRO (Zen 3) 280W, 128MB L3 Cache, 12MB L2 Cache, None Integrated Graphics', 'category1'),
    ('CPU-007', '(Ship by Fedex)AMD RYZEN 5 3600 6-Core 3.6 GHz (4.2 GHz Max Boost) Socket AM4 65W 100-100000031BOX Desktop Processor', '3rd Gen Ryzen, Socket AM4, Max Boost Frequency 4.2 GHz, DDR4 Support, L2 Cache 3MB, L3 Cache 32MB', 'category1'),
    ('CPU-008', 'AMD Ryzen 9 7900X - Ryzen 9 7000 Series 12-Core Socket AM5 170W Desktop Processor - 100-000000589', '5nm 170W, 64MB L3 Cache', 'category1'),
    ('CPU-009', 'AMD Ryzen 7 3rd Gen - RYZEN 7 3700X Matisse (Zen 2) 8-Core 3.6 GHz (4.4 GHz Max Boost) Socket AM4 65W 100-100000071BOX Desktop Processor', '3rd Gen Ryzen, Socket AM4, Max Boost Frequency 4.4 GHz, DDR4 Support, L2 Cache 4MB, L3 Cache 32MB', 'category1'),
    ('CPU-010', 'AMD Ryzen Threadripper PRO 5965WX - Ryzen Threadripper PRO Chagall PRO (Zen 3) 24-Core 3.8 GHz Socket sWRX8 280W None Integrated Graphics Desktop Processor - 100-100000446WOF', '7nm Chagall PRO (Zen 3) 280W, 128MB L3 Cache, 12MB L2 Cache, None Integrated Graphics', 'category1'),
    ('CPU-011', 'AMD Ryzen 5 4500 - Ryzen 5 4000 Series 6-Core Socket AM4 65W None Integrated Graphics Desktop Processor - 100-100000644BOX', '65W, None Integrated Graphics', 'category1'),
    ('CPU-012', 'AMD Ryzen 9 7900 - Ryzen 9 7000 Series 12-Core Socket AM5 65W AMD Radeon Graphics Processor - 100-100000590BOX', '65W, AMD Radeon Graphics', 'category1'),
    ('CPU-013', 'AMD Ryzen 3 2nd Gen with Radeon Graphics - RYZEN 3 3200G Picasso (Zen+) 4-Core 3.6 GHz (4.0 GHz Max Boost) Socket AM4 65W YD3200C5FHBOX Desktop Processor', 'Built-In Radeon Vega 8 Graphics, 2nd GEN with Radeon Graphic, Socket AM4, Max Boost Frequency 4.0 GHz, L2 Cache 2MB, L3 Cache 4MB', 'category1'),
    ('CPU-014', 'AMD RYZEN 9 3900X 12-Core 3.8 GHz (4.6 GHz Max Boost) Socket AM4 105W 100-000000023 Desktop Processor - OEM', '3rd Gen Ryzen, Socket AM4, Max Boost Frequency 4.6 GHz, DDR4 Supports', 'category1'),
    ('CPU-015', 'AMD FX-8350 Black Edition Vishera 8-Core 4.0 GHz (4.2 GHz Turbo) Socket AM3+ 125W FD8350FRHKBOX Desktop Processor', '32nm Vishera 125W, 8MB L3 Cache, 8MB L2 Cache', 'category1'),
    ('CPU-016', 'Intel Core i7-12700KF - Core i7 12th Gen Alder Lake 12-Core (8P+4E) 3.6 GHz LGA 1700 125W Desktop Processor - BX8071512700KF', 'Intel 7 Alder Lake Processor Base Power: 125W, Maximum Turbo Power: 190W, 25MB L3 Cache, 12MB L2 Cache, None Integrated Graphics', 'category1'),
    ('CPU-017', 'Intel Core i7-12700K - Core i7 12th Gen Alder Lake 12-Core (8P+4E) 3.6 GHz LGA 1700 125W Intel UHD Graphics 770 Desktop Processor - BX8071512700K', 'Intel 7 Alder Lake Processor Base Power: 125W, Maximum Turbo Power: 25MB L3 Cache, 12MB L2 Cache, Intel UHD Graphics 770', 'category1'),
    ('CPU-018', 'Intel Core i9-13900K - Core i9 13th Gen Raptor Lake 24-Core (8P+16E) P-core Base Frequency: 3.0 GHz E-core Base Frequency: 2.2 GHz LGA 1700 125W Intel UHD Graphics 770 Desktop Processor - BX8071513900K', 'Raptor Lake 125W, 36MB L3 Cache, 32MB L2 Cache, Intel UHD Graphics 770', 'category1'),
    ('CPU-019', 'Intel Core i5-12600K - Core i5 12th Gen Alder Lake 10-Core (6P+4E) 3.7 GHz LGA 1700 125W Intel UHD Graphics 770 Desktop Processor - BX8071512600K', '32nm Vishera 125W, 8MB L3 Cache, 8MB L2 Cache', 'category1'),
    ('CPU-020', 'Intel Core i7-13700K - Core i7 13th Gen Raptor Lake 16-Core (8P+8E) P-core Base Frequency: 3.4 GHz E-core Base Frequency: 2.5 GHz LGA 1700 125W Intel UHD Graphics 770 Desktop Processor - BX8071513700K', 'Raptor Lake 125W, 30MB L3 Cache, 24MB L2 Cache, Intel UHD Graphics 770', 'category1'),
    ('CPU-021', 'Intel Core i9-12900K - Core i9 12th Gen Alder Lake 16-Core (8P+8E) 3.2 GHz LGA 1700 125W Intel UHD Graphics 770 Desktop Processor - BX8071512900K', 'Intel 7 Alder Lake Processor Base Power: 125W, Maximum Turbo Power: 241W, 30MB L3 Cache, 14MB L2 Cache, Intel UHD Graphics 770', 'category1'),
    ('CPU-022', 'Intel Core i5-13600K - Core i5 13th Gen Raptor Lake 14-Core (6P+8E) 3.5 GHz LGA 1700 125W Intel UHD Graphics 770 Desktop Processor - BX8071513600K', '10nm Raptor Lake 125W, 24MB L3 Cache, 20MB L2 Cache, Intel UHD Graphics 770', 'category1'),
    ('CPU-023', 'Intel Core i5-13400F Desktop Processor 10 cores (6 P-cores + 4 E-cores) 20MB Cache, up to 4.6 GHz - Box', '32nm Vishera 125W, 8MB L3 Cache, 8MB L2 Cache', 'category1'),
    ('CPU-024', 'Intel Core i5-12400F - Core i5 12th Gen Alder Lake 6-Core 2.5 GHz LGA 1700 65W Desktop Processor - BX8071512400F', 'Intel 7 Alder Lake Processor Base Power: 65W, Maximum Turbo Power: 117W, 18MB L3 Cache, 7.5MB L2 Cache', 'category1'),
    ('CPU-025', 'Intel Core i9-13900KF - Core i9 13th Gen Raptor Lake 24-Core (8P+16E) P-core Base Frequency: 3.0 GHz E-core Base Frequency: 2.2 GHz LGA 1700 125W None Integrated Graphics Desktop Processor - BX8071513900KF', 'Raptor Lake 125W, 36MB L3 Cache, 32MB L2 Cache, None Integrated Graphics', 'category1'),
    ('CPU-026', 'Intel Core i7-13700KF - Core i7 13th Gen Raptor Lake 16-Core (8P+8E) P-core Base Frequency: 3.4 GHz E-core Base Frequency: 2.5 GHz LGA 1700 125W None Integrated Graphics Desktop Processor - BX8071513700KF', '10nm Raptor Lake 125W, 30MB L3 Cache, 24MB L2 Cache, None Integrated Graphics', 'category1'),
    ('CPU-027', 'Intel Core i5-13500 Desktop Processor 14 cores (6 P-cores + 8 E-cores) 24MB Cache, up to 4.8 GHz - Box', 'Raptor Lake Processor Base Power: 65W, Maximum Turbo Power: 154W, 24MB L3 Cache, 11.5MB L2 Cache, Intel UHD Graphics 770', 'category1'),
    ('CPU-028', 'Intel Core i7-12700 - Core i7 12th Gen Alder Lake 12-Core (8P+4E) 2.1 GHz LGA 1700 65W Intel UHD Graphics 770 Desktop Processor - BX8071512700', 'Intel 7 Alder Lake Processor Base Power: 65W, Maximum Turbo Power: 180W, 25MB L3 Cache, 12MB L2 Cache, Intel UHD Graphics 770', 'category1'),
    ('CPU-029', 'Intel Core i5-12400 - Core i5 12th Gen Alder Lake 6-Core 2.5 GHz LGA 1700 65W Intel UHD Graphics 730 Desktop Processor - BX8071512400', 'Intel 7 Alder Lake Processor Base Power: 65W, Maximum Turbo Power: 117W, 18MB L3 Cache, 7.5MB L2 Cache, Intel UHD Graphics 730', 'category1'),
    ('CPU-030', 'Intel Core i3-13100 Desktop Processor 4 cores (4 P-cores + 0 E-cores) 12MB Cache, up to 4.5 GHz - Box', '32nm Vishera 125W, 8MB L3 Cache, 8MB L2 Cache', 'category1');


INSERT INTO configurations (product_id, config_name, config_price, qty_in_store) VALUES 
    ('CPU-001', 'Ryzen 5 7600X', 249.00, 50),
    ('CPU-001', 'Ryzen 7 7700X', 349.00, 70),
    ('CPU-001', 'Ryzen 9 7900X', 403.44, 30),
    ('CPU-001', 'Ryzen 9 7950X', 598.99, 56),
    ('CPU-002', 'Ryzen 9 7950X3D', 662.00, 100),
    ('CPU-002', 'Ryzen 9 7900X3D', 549.99, 80),
    ('CPU-002', 'Ryzen 7 7800X3D', 477.99, 60),
    ('CPU-003', 'Ryzen 5 3600XT', 721.60, 80),
    ('CPU-004', 'Ryzen 5 3600 6-Core', 477.99, 60),
    ('CPU-005', 'Ryzen 5 4600G', 477.99, 60),
    ('CPU-006', 'Ryzen Threadripper PRO', 477.99, 60),
    ('CPU-007', 'RYZEN 5 3600 6-Core (4.2 GHz Max Boost)', 477.99, 60),
    ('CPU-008', 'Ryzen 9 7000 Series 12-Core', 477.99, 60),
    ('CPU-009', 'Ryzen 7 3700X', 238.69, 187),
    ('CPU-009', 'Ryzen 9 3900X', 369.99, 230),
    ('CPU-009', 'Ryzen 7 3800X', 278.99, 154),
    ('CPU-010', 'Ryzen Threadripper PRO', 2099.00, 164),
    ('CPU-011', 'Ryzen 9 7900', 428.00, 120),
    ('CPU-012', 'Ryzen 5 4500', 79.00, 135),
    ('CPU-013', 'Ryzen 3 3200G', 89.99, 158),
    ('CPU-013', 'Ryzen 5 3400G', 121.99, 125),
    ('CPU-014', 'RYZEN 9 3900X', 209.83, 155),
    ('CPU-015', 'FX-8350', 671.98, 142),
    ('CPU-015', 'FX-6350', 136.96, 124),
    ('CPU-015', 'FX-8320', 539.84, 135),
    ('CPU-015', 'FX-8320E', 49.82, 135),
    ('CPU-016', 'Intel Core i7-12700KF', 289.99, 257),
    ('CPU-017', 'Intel Core i7-12700K', 314.99, 255),
    ('CPU-018', 'Intel Core i9-13900K', 577.99, 54),
    ('CPU-019', 'Intel Core i5-12600K', 249.99, 33),
    ('CPU-020', 'Core i7-13700K', 419.99, 115),
    ('CPU-021', 'Intel Core i9-12900K', 429.99, 122),
    ('CPU-022', 'i7-13700KF', 378.00, 135),
    ('CPU-022', 'i7-13700K', 419.99, 102),
    ('CPU-022', 'i9-13900KF', 552.99, 114),
    ('CPU-022', 'i9-13900K', 577.99, 20),
    ('CPU-023', 'i7-13700F', 348.00, 15),
    ('CPU-023', 'i7-13700', 149.98, 215),
    ('CPU-023', 'i9-13900F', 539.00, 233),
    ('CPU-023', 'i9-13900', 566.99, 156),
    ('CPU-024', 'Intel Core i5-12400F', 149.98, 33),
    ('CPU-025', 'i7-13700KF', 378.00, 179),
    ('CPU-025', 'i7-13700K', 419.99, 199),
    ('CPU-025', 'i9-13900KF', 552.99, 189),
    ('CPU-025', 'i9-13900K', 577.99, 103),
    ('CPU-026', 'i7-13700KF', 378.00, 30),
    ('CPU-026', 'i7-13700K', 419.99, 44),
    ('CPU-026', 'i9-13900KF', 552.99, 52),
    ('CPU-026', 'i9-13900K', 577.99, 63),
    ('CPU-027', 'i7-13700F', 348.00, 184),
    ('CPU-027', 'i7-13700', 378.00, 211),
    ('CPU-027', 'i9-13900F', 539.00, 98),
    ('CPU-027', 'i9-13900', 566.99, 201),
    ('CPU-028', 'Intel Core i7-12700', 296.00, 77),
    ('CPU-029', 'Intel Core i5-12400', 177.99, 66),
    ('CPU-030', 'i3-13100F', 121.99, 85),
    ('CPU-030', 'i3-13100', 144.89, 86),
    ('CPU-030', 'i5-13400F', 208.98, 57),
    ('CPU-030', 'i5-13400', 230.98, 22);


INSERT INTO products (product_id, pname, description, category_id) VALUES 
    ('CPUC-001', '240 ARGB CPU Water Cooler 5V 3-PIN Connector 240mm Addressable RGB Fan 240mm CPU Liquid Cooler,AIO Cooler, Intel 115X/1200/1700/1366/2011 / 2066, AMD AM5 / AM4 /AM3+/AM3/AM2+/AM2/FM2+/FM2/', 'Addressable RGB Sync: The Addressabe RGB lighting on the fans and pump can sync with motherboard via 5V 3pin interface, provide even and rich illumination.Compatible with motherboard software includes aura Sync, Gigabyte RGB FUSION, MSI Mystic Light Sync, etc., Better Cooling Performance: With a more efficient cold plate, spraying copper bottom, proprietary pump and fans optimized for static pressure to make sure the excellent heat transfer from cpu.', 'category3'),
    ('CPUC-002', 'be quiet! 250W TDP Dark Rock Pro 4 CPU Cooler with Silent Wings - PWM Fan - 135 mm LGA 1700 Compatible', 'German Engineering - German Design - German Quality - German Performance, 2 virtually inaudible Silent Wings PWM fans, Funnel-shaped frame of the front fan for high air pressure, Achieves only 24.3dB(A) at maximum fan speed, 7 high-performance copper heat pipes', 'category3'),
    ('CPUC-003', 'Scythe Mugen 5 Rev. C CPU Air Cooler, 120mm Single Tower, Black Edition, Intel LGA1700, LGA1151, AMD AM5/AM4/Ryzen 120mm, Single Tower', 'Tower design, 6 heat pipes with high-quality copper base ensure superior performance. The Kaze Flex II fan offers improved performance with a new fan frame, which has been specially designed for use on CPU coolers, provides superior cooling performance for mainstream, gaming PC, even overclocking with high TDP processor(12900K, 12700K, 11900K, 11700K, 10900K, 10980XE, 9900k, 9700k, 9600k, 3700x), Quiet 120mm Kaze Flex II fan (Fluid Dynamic Bearing) for high airflow and static pressure with silent operation(PWM, 300-1500RPM). Addition fan clip for adding 2nd fan(optional) as push-pull configuration for maximal performance.', 'category3'),
    ('CPUC-004', 'XIGMATEK Air Killer S Black CPU Air Cooler Black Nickel Plated Fins 4 Copper Heat-Pipes Direct Touch Technology PWM 12cm ARGB Fan Anti-Vibration Motor Minimizes Vibration And Noise', 'None', 'category3'),
    ('CPUC-005', 'CORSAIR iCUE H150i ELITE CAPELLIX XT Liquid CPU Cooler - AF120 RGB ELITE Fans - 360mm Radiator - Intel® LGA 1700, 1200, 115X, 2066 AMD® AM5, AM4', 'Compatible with Intel® LGA 1700, 1200, 115X, 2066, and AMD® Socket AM5 and AM4 motherboard sockets, 3x AF RGB ELITE Fans with AirGuide Technology, Extreme PWM fan speeds up to 2,100 RPM, Zero RPM Mode support, Included iCUE COMMANDER CORE RGB lighting and fan speed controller, 33 Ultra-bright CAPELLIX LEDs on pump head', 'category3'),
    ('CPUC-006', 'Thermaltake UX200 SE, 5V Motherboard ARGB Sync 16.8 Million Colors 15 Addressable LED, AMD/Intel (LGA 1700) Universal Socket, Copper Base U-Shape Heatpipes, 170W CPU Cooler CL-P105-AL12SW-A', '800 ~ 1800 RPM, 62.72 CFM, Aluminum & Copper', 'category3'),
    ('CPUC-007', 'Enermax ETS-F40 ARGB CPU Air Cooler, 200W+ TDP for Intel/ AMD Universal Socket, AM4 & AM5 / LGA 1700/1200/1151, 4 Direct Contact Heat Pipes, 140mm Silent PWM Fan - AM5 & LGA1700 Ready', 'Luminous Addressable RGB Cap and Fan, 200W TDP By Provided 140mm Silent Hub ARGB Fan, 4 Heat-Pipe Direct Touch Base Design, Silent operation with starting fan speed 300rpm, 140mm Silence Fan Design', 'category3'),
    ('CPUC-008', 'JONSBO CR1400 WHITE CPU Cooler H126mm , Air Cooling Tower Radiator , Desktop PC AM4/AM5 heatsink, 4 Copper Heatpipes for AMD /Intel LGA1200/115X , 92mm RGB Fan, Auto RGB Lighting on Top, White', '[ 4 Copper Heat Pipe Tower CPU Cooler ] 4 Pure copper vacuum heat pipes directly contact the CPU, which can quickly conduct heat to the heat pipes and fins without obstacles, [ Dimensions: L 93 * W 78 * H 126mm] Compatible with most of the tower case, [ Top Luminous RGB Design ] Design of luminous nameplate at the top of cooling tower. Lighting is rainbow only by random, not addressable., [ 92mm PWM RGB FAN - 4PIN ] The fan only needs to be connected to the Fan 4Pin interface of the motherboard,The fan automatically changes the color light effect(Note: manual or external control is no need)', 'category3'),
    ('CPUC-009', 'Cryo-PC CPC-ZA92, Low-Profile CPU Cooler with 90mm RGB Fan for AMD/INTEL, Easy Install Bracket Included', 'Socket Support: Intel LGA 1700/1200/1156/1155/1151/1150, AMD AM2/AM3/AM3+/AM4, Fan Size: 90 x 90 x 25mm, Cooler Height: 80mm (3.125in), Connector 3-pin', 'category3'),
    ('CPUC-010', 'DeepCool AK620 High-Performance CPU Cooler, Dual-Tower Design, 2x 120mm Fluid Dynamic Bearing Fans, 6 Copper Heat Pipes, 260W Heat Dissipation, Black.', 'Advanced Heat Transfer - Achieve higher overclocking performance with a heat dissipation power of 260W to cool demanding CPUs, DeepCool 120mm FDB Fans - Includes two 120mm PWM fans with fluid dynamic bearings for greater friction reduction resulting in lower noise and longer reliability, Exceptional Cooling - Dual-Tower design with 6 copper heat pipes through a dense fin-array', 'category3'),
    ('CPUC-011', 'Cooler Master Hyper 212 Black Edition CPU Air Cooler, Silencio FP120 Fan, Anodized Gun-Metal Black, Brushed Nickel Fins, 4 Copper Direct Contact Heat Pipes for AMD Ryzen/Intel LGA1700/1200/1151', '650 ~ 2000 RPM (PWM) +/- 10%, 42 CFM (Max), 4 Heat Pipes/ Direct Contact/ Aluminum Fins', 'category3'),
    ('CPUC-012', 'Iceberg Thermal IceSLEET G4 Silent CPU Air Cooler 4 Nickel-Plated Heatpipes with 120mm PWM Fan for Intel and AMD AM5 LGA 1700 Compatible', 'Fantastic 4 symmetrical direct touch Nickel-Plated heat pipes CPU cooler for Work Hard/Play Hard, Features with an IceGALE 120mm PWM Fan, as well as the innovative Fan Slide-Lock Technology, which eliminates the need for clips to secure the fan to the heatsink, Exceptional 170W TDP range, with great airflow of 50 CFM, a high speed of 600-1200 RPM', 'category3'),
    ('CPUC-013', 'Vetroo V5 CPU Air Cooler w/ 5 Heat Pipes 120mm PWM Processor 150W TDP Cooler for Intel LGA 1700/1200/115X AMD AM5/AM4 w/Addressable RGB Lights Sync', 'Addressable RGB motherboard Sync: The lighting can sync with motherboard via 5V 3pin interface, provide even and rich illumination., PWM Smart Control: 4-Pin PWM control allows for dynamic speed adjustment between 800 to 1700 RPM, minimizing noise and maximizing airflow., Low Noise Operation: 9 fan blades and 8 vibration rubber pads provides an excellent silent experience and great airflow.(Max. Airflow: 21-52 CFM, Fan Noise: 30.8 dBA)', 'category3'),
    ('CPUC-014', 'Dark Freezer X93 Dark Freezer X93 Intel / Ryzen Compatible CPU Cooler with 92mm FRGB LED Fan, Intel LGA 775/115X/1366/2011/2066, AMD AM2/AM3/AM4/FM1/FM2 with 4pin PWM Fan', '95W TDP, Intel / AMD Ready, Direct Contact Desing, Hydraulic Bearing, F-RGB Fan', 'category3'),
    ('CPUC-015', 'DeepCool GAMMAXX AG620 Dual-Tower CPU Cooler, 2x 120mm Fan, Six Copper Heat Pipes, Intel/AMD Support', 'Substantial Cooling: Optimized for performance, the AG620 dual-tower CPU cooler offers a superb price-performance ratio with up to 260W of heat dissipation power in a streamlined package., Double the Performance: A precision machined copper base rapidly transfers heat from the CPU into a dual-tower heat sink layout for wide-range thermal power control that provides consistent cooling capacity., Better By Design: Six highly efficient heat pipes on the copper base directly contact the CPU heat spreader for rapid heat transfer and excellent performance.', 'category3'),
    ('CPUC-016', 'Noctua NH-U9S, Premium CPU Cooler with NF-A9 92mm Fan (Brown)', 'Compact single-tower design combines strong cooling performance with excellent case-, RAM- and PCIe-compatibility, Only 125mm height is ideal for HTPCs, ITX and Small Form Factor builds; Does not overhang the RAM or PCIe slots on most current motherboards, Highly optimised NF-A9 92mm fan with PWM support and Low-Noise Adaptor for automatic speed control and ultra-quiet operation', 'category3'),
    ('CPUC-017', 'Iceberg Thermal IceSLEET G3 CPU Air Cooler 3 Nickel-Plated Heatpipes with 120mm PWM Fan for Intel and AMD LGA 1700 AM5 Compatible', 'Fantastic 3 symmetrical direct touch Nickel-Plated heat pipes CPU cooler for Entry-Level PC builders, Features with an IceGALE 120mm PWM Fan, as well as the innovative Fan Slide-Lock Technology, which eliminates the need for clips to secure the fan to the heatsink, Exceptional 160W TDP range, with great airflow of 50 CFM, a high speed of 600-1200 RPM, With a maximum noise level of 20.5 dBA, youll get the quietest performance possible', 'category3'),
    ('CPUC-018', 'Noctua NH-L12S, Premium Low Profile CPU Cooler with Quiet 120mm PWM Fan (Brown)', 'Compact, premium-quality low-profile CPU cooler (70mm total height), Further improved successor to the award-winning NH-L12, ideal for ITX and HTPC systems, Highly optimised NF-A12x15 120mm fan with PWM support and Low-Noise Adaptor for automatic speed control and ultra-quiet operation', 'category3'),
    ('CPUC-019', 'arctic liquid freezer ii 360 a-rgb - multi-compatible all-in-one cpu aio water cooler with a-rgb, compatible with intel & amd, efficient pwm-controlled pump, fan speed: 200-1800 rp', '32nm Vishera 125W, 8MB L3 Cache, 8MB L2 Cache', 'category3'),
    ('CPUC-020', 'Vetroo V360 White Liquid CPU Cooler, 3X 120mm Addressable RGB & PWM Fans/Pump, 360mm Radiator 290W TDP AIO Water Cooler w/Controller Hub for Intel LGA 1700/1200/115X AMD AM5/AM4', 'Addressable RGB Sync: The Addressabe RGB lighting on the fans and pump can sync with motherboard via 5V 3pin interface, provide even and rich illumination., Dual PWM Fans: The speed of dual PWM fans can be auto adjusted, provide the better airflow or lower noise. (Note: The PWM mode must be set in BOIS before cooler operation, otherwise the fan will run at a fixed speed of full speed or low speed), Better Cooling Performance: With a more efficient cold plate, spraying copper bottom, proprietary pump and fans optimized for static pressure to make sure the excellent heat transfer from cpu.', 'category3'),
    ('CPUC-021', 'Cooler Master Hyper 212X - CPU Cooler with Dual 120mm PWM Fan', '600 - 2,000 RPM (PWM) +/- 10%, 24.9 - 82.9 CFM +/- 10%, 4 Direct contact heatpipes / Aluminum fins', 'category3'),
    ('CPUC-022', 'Enermax LIQMAX III 360 ARGB, All-in-one CPU Liquid Cooler for AM4 & AM5 / LGA 1700/1200/1151, 360mm Radiator, Dual-Chamber Water Block, ARGB Fan - AM5 & LGA1700 Ready', 'Patented Dual Chamber Structure – Increase lifespan without compromise efficiency, Central Coolant inlet Design and Patented Shunt Channel Technology, Aurabelt design on water block and luminous fan display vivid RGB lighting effects', 'category3'),
    ('CPUC-023', 'ASUS ROG Strix LC II 360 All-in-one AIO Liquid CPU Cooler 360mm Radiator, Intel LGA1700, 115x/2066 and AMD AM4/TR4 Support,Triple 120mm 4-pin PWM Fans', 'Seventh Gen Asetek pump delivers exceptional cooling and minimal noise with an operating range starting at 840 rpm, ROG-designed radiator fans for optimized airflow and static pressure, Individually addressable RGB and NCVM-coating pump over accentuates the sleep, modern aesthetics', 'category3'),
    ('CPUC-024', 'ASUS ROG RYUO III 360 ARGB White Edition All-in-one AIO Liquid CPU Cooler 360mm Radiator, Asetek 8th gen pump solution, Anime Matrix™ LED Display and ROG AF 12S ARGB fan', 'The latest 8th gen Asetek pump equipped 3 phase motor pump delivers ultimate cooling performance with higher flow and lower impedance., The ASUS-exclusive Anime Matrix™ is a mini LED array that can display ROG-exclusive anime content, core system stats, and customize animations.', 'category3'),
    ('CPUC-025', 'NZXT Kraken RGB 280mm - RL-KR280-W1- AIO RGB CPU Liquid Cooler - LCD Display - 2 x F140RGB Core Fans Radiator Fans White LGA 1700 / AM5 Compatible', 'PERFORMANCE IN REAL TIME: Proudly display custom images and system specs in real time. The 1.54" diameter LCD display screen provides a clean image., STAY COOL: Powerfully quiet F RGB Series Static Pressure fans provide cooling with superior heat dissipation capability. The 7th gen Asetek pump ensures your Kraken stays cool and quiet at 2800 RPM.', 'category3'),
    ('CPUC-026', 'Vetroo V240 White Liquid CPU Cooler 240mm Addressable RGB & PWM Pump & Fans 250W TDP AIO Water Cooler w/Controller Hub for Intel LGA 1700/1200/115X AMD AM5/AM4', 'Addressable RGB Sync: The Addressabe RGB lighting on the fans and pump can sync with motherboard via 5V 3pin interface, provide even and rich illumination., Dual PWM Fans: The speed of fans can auto adjusted according to CPU temperature, provide the better airflow or lower noise. (Note: The PWM mode must be set in BOIS before cooler operation, otherwise the fan will run at a fixed speed of full or low speed), Better Cooling Performance: With a more efficient cold plate, spraying copper bottom, proprietary pump and fans optimized for static pressure to make sure the excellent heat transfer from cpu.', 'category3'),
    ('CPUC-027', 'Vetroo V240 Liquid CPU Cooler 240mm Addressable RGB & PWM Pump & Fans 250W TDP AIO Water Cooler w/Controller Hub for Intel LGA 1700/1200/115X AMD AM5/AM4', 'Addressable RGB Sync: The Addressabe RGB lighting on the fans and pump can sync with motherboard via 5V 3pin interface, provide even and rich illumination., Dual PWM Fans: The speed of fans can auto adjusted according to CPU temperature, provide the better airflow or lower noise. (Note: The PWM mode must be set in BOIS before cooler operation, otherwise the fan will run at a fixed speed of full or low speed), Better Cooling Performance: With a more efficient cold plate, spraying copper bottom, proprietary pump and fans optimized for static pressure to make sure the excellent heat transfer from cpu.', 'category3'),
    ('CPUC-028', 'Thermalright AXP90 X53 Black Low Profile CPU Cooler with Quite 92mm Slin PWM Fan, AGHP Technology, 53mm Height, for AMD AM4 AM5/Intel LGA 1700/1150/1151/1155/1200,Downward Tower Cooler', 'AGHP technique-4×6mm heat pipes apply AGHP technique,Solve the Inverse gravity effect caused by vertical/horizontal orientation,the cooling effect of the cpu cooler is also doubled by the process of secondary welding of heat pipes and fins.CPU cooler TDP is 150W, CPU Cooler dimensions: 94.5(L)x95(W)x53(H)mm;Compact underpressure cooler with secondary reflow process,fins in aluminium throughout,overall height of 53mm,designed for ITX motherboards, PWM Fan Model:TL-9015B;Size:92x92x15mm;Speed (RPM):2700±10%;Air flow:42.58CFM;Noise22.4dBa.Automatic speed control of the motherboard through the 4PIN PWM fan cable interface,which can determine the speed according to the temperature of the motherboard', 'category3'),
    ('CPUC-029', 'JONSBO CR-3000ARGB CPU Cooler,120mm Dual-Fan Dual-Tower,7 High Efficiency Composite Anti-gravity Heatpipe,Support AM5/Intel LGA 1700,Illusion topper with ARGB,No Blocking of the Memory, Black', 'JONSBO CR-3000ARGB 120mm Dual-Fan, Dual-Tower CPU Cooler-, High efficiency composite heat pipe:6mm*7 nickel-plated for long-lasting resistance to oxidation and more efficient anti-gravity mounting, Dual towers and fans for enhanced cooling performance, Fantasy Space Cover : Illusion topper with ARGB illusion light effect, Bringing a New Fantasy Experience to you.', 'category3'),
    ('CPUC-030', 'ARCTIC Liquid Freezer II 280 RGB - Multi-Compatible All-in-one RGB CPU AIO Water Cooler, Black ACFRE00108A', 'Intel Socket: 1700 (Kit available), 1200, 115X, 2011-3*, 2066* *Square ILM, AMD Socket: AM4, Ram Clearance: unlimited, Warranty: 6 Years, Operating Ambient Temperature: 0 - 40 °C', 'category3');

INSERT INTO configurations (product_id, config_name, config_price, qty_in_store) VALUES 
    ('CPUC-001', '240 ARGB CPU Water Cooler', 69.99, 95),
    ('CPUC-002', '250W TDP Dark Rock Pro', 89.90, 77),
    ('CPUC-003', 'Scythe Mugen 5 Rev. C', 49.99, 88),
    ('CPUC-004', 'XIGMATEK Air Killer S', 44.99, 202),
    ('CPUC-005', 'CORSAIR iCUE H150i', 219.99, 77),
    ('CPUC-006', 'Thermaltake UX200 SE', 19.99, 44),
    ('CPUC-007', 'Enermax ETS-F40 ARGB', 49.99, 127),
    ('CPUC-008', 'JONSBO CR1400 WHITE', 30.99, 222),
    ('CPUC-009', 'Cryo-PC CPC-ZA92', 18.99, 227),
    ('CPUC-010', 'DeepCool AK620', 65.90, 88),
    ('CPUC-011', 'Cooler Master Hyper 212', 54.58, 128),
    ('CPUC-012', 'Iceberg Thermal IceSLEET',40.49, 95),
    ('CPUC-013', 'Vetroo V5 CPU Air Cooler', 34.99, 99),
    ('CPUC-014', 'Dark Freezer X93', 18.90, 78),
    ('CPUC-015', 'DeepCool GAMMAXX', 49.99, 187),
    ('CPUC-016', 'NH-U9S', 59.95, 78),
    ('CPUC-016', 'NH-U9 TR4-SP3', 79.95, 186),
    ('CPUC-016', 'NH-U9DX i4', 86.99, 186),
    ('CPUC-017', 'Iceberg Thermal IceSLEET G3', 35.99, 88),
    ('CPUC-018', 'NH-L12S', 99.61, 154),
    ('CPUC-018', 'NH-L12 Ghost S1 Edition', 54.59, 65),
    ('CPUC-019', 'arctic liquid freezer ii', 199.89, 44),
    ('CPUC-020', 'Vetroo V360 White', 109.99, 145),
    ('CPUC-021', 'Cooler Master Hyper', 50.99, 195),
    ('CPUC-022', 'Enermax LIQMAX III', 84.99, 115),
    ('CPUC-023', 'ASUS ROG Strix LC', 199.99, 77),
    ('CPUC-024', 'ASUS ROG RYUO III', 289.99, 42),
    ('CPUC-025', 'NZXT Kraken RGB 280mm', 199.99, 44),
    ('CPUC-026', 'Vetroo V240 White', 79.99, 95),
    ('CPUC-027', 'Vetroo V240 Liquid CPU', 79.99, 94),
    ('CPUC-028', 'Thermalright AXP90', 31.90, 68),
    ('CPUC-029', 'JONSBO CR-3000ARGB', 45.99, 297),
    ('CPUC-030', 'ARCTIC Liquid Freezer', 166.49, 300),

INSERT INTO products (product_id, pname, description, category_id) VALUES 
    ('ASS-001', 'Citizen CL-E300XUBNNA CL-E300 Series Compact LAN-as-standard Direct Thermal Barcode and Label Printer – USB/LAN/Serial – Black', 'Front-loading and sensor adjustment access, Ethernet 10/100 and USB 2.0 interfacing, Tool-free maintenance, Accepts media rolls of up to 5 in.', 'category10'),
    ('ASS-002', 'ORICO Type C Extension Cable 3.3ft 20Gbps Data Transfer Fast Charge 100W HD 4K @60Hz Braided Type C Cord Male to Female for MacBook Pro 2020, iPad Pro 2020, iPad Air 4, Galaxy S20, and More', '- 20Gbps Transfer Speed, USB3.2 Gen 2*2 Gbps Transfer Speed,handle large files easily.Theoretical Speed up to 2500MB/s,Practical Speed up tp 2000+MB/s.(The original cable and the extension cable should all support 20Gbps transfer speed.), - Up to 100 W Power Delivery', 'category10'),
    ('ASS-003', 'Fujitsu ScanSnap iX1300 Document Scanner - Black', 'Easy One-Button scanning, Scans 30 pages per minute, 20-page Automatic Document Feeder with U-turn Path Ejection, Manual Feeder with Return Path Ejection, Dual-feeder Duplex Scanning', 'category10'),
    ('ASS-004', 'Fujitsu ScanSnap iX1600 Versatile Cloud Enabled Scanner, Black', 'Intuitive 4.3-inch touch screen, Wi-Fi (2.5/5GHz*) or USB connectivity, 33% faster than its predecessor - Fast scans up to 40 ppm/80 ipm (A4-size documents, color, 300dpi), ScanSnap Cloud connects to your favorite cloud drive to manage your documents, receipts, business cards, and photos.', 'category10'),
    ('ASS-005', 'Furmax 63 Inch Gaming Desk Y-Shaped PC Computer Table with Carbon Fiber Surface Free Mouse Pad Home Office Desk Gamer Table with Game Handle Rack Headphone Hook and Cup Holder (Black)', 'Stable and Sturdy: The desk is constructed of a solid steel and premium density fiberboard which is durable and uneasy to rust. Y-shaped design gives a good stable support. Besides, the adjustable feet can always keep horizontal even on uneven ground., Ergonomic and Considered: The round corners protect your family from injury. The 2 cutouts and power socket box can safely manage all messy cables and can also meet your electricity needs., Organized and Convenient: The desk is equipped with a cup holder, headphone hook and game handle rack which make your game gears well organized and within reach.', 'category10'),
    ('ASS-006', 'EPSON A43S020461 Franking Cartridge EFC-01 for Capture One Black', 'Black, Single Pack', 'category10'),
    ('ASS-007', 'Corsair K100 RGB Optical-Mechanical Gaming Keyboard - Corsair OPX RGB Optical-Mechanical Keyswitches - AXON Hyper-Processing Technology for 4X Faster Throughput - 44-Zone RGB LightEdge', 'The CORSAIR K100 RGB is the pinnacle of CORSAIR keyboards, offering the cutting-edge performance, style, durability, and customization that gamers need to stand above the rest., The centerpiece of your gaming setup, the CORSAIR K100 RGB boasts a refined design bolstered by a durable aluminum frame, dynamic per-key RGB backlighting, and a 44-zone three-sided LightEdge.', 'category10'),
    ('ASS-008', 'ASUS ROG Azoth 75 Wireless DIY Custom Gaming Keyboard, OLED display, Gasket-Mount, Three-Layer Dampening, Hot-Swappable Pre-lubed ROG NX Red Switches & Keyboard Stabilizers, PBT Keycaps, RGB-Black', 'Unique gasket mount design: Silicone gasket mount with three layers of dampening foams combine to provide an unrivaled typing experience, Tri-mode connection: Use Bluetooth® to connect and switch between three devices at a time, ROG SpeedNova wireless technology provides up to 2,000+ hours of low-latency gameplay in 2.4 GHz RF wireless mode (OLED & RGB off), or use standard wired USB, OLED display and intuitive controls: View system info and keyboard settings at a glance; built-in three-way knob allows for quick settings adjustment', 'category10'),
    ('ASS-009', 'Montech MKey TKL Mechanical Gaming Keyboard: Customizable RGB LED, Premium MDA Profile PBT Keycap, Engineered Acoustics, Hot-Swappable Gateron G Pro 2.0 Switches, Stunning Osaka Castle Theme, Freedom', 'Immerse yourself in a story full of adventure and culture: The essence of the historic landmark, Osaka Castle., Elevate your keyboard experience: Premium MDA Profile Key Caps made of high-grade PBT material, offering a stylish and luxurious touch., Stand out from the crowd: 5-Sided dye-sublimation keycaps, featuring vivid and durable icon designs on each key., Full Hot-swappable Keys: Utilizing Kailhs Hot-swap sockets for easy customization and key switch replacements.', 'category10'),
    ('ASS-010', 'Logitech G815 LIGHTSYNC RGB Mechanical Gaming Keyboard with Low Profile GL Tactile key switch, 5 programmable G-keys, USB Passthrough, dedicated media control - Tactile', 'Low profile mechanical switches offers the speed, accuracy and performance of a mechanical switch at half the height. The GL tactile switch produces a discernible bump at the point of actuation. Comes in 3 options: GL tactile, GL linear or GL clicky., Lightsync technology provides next-gen RGB lighting that synchronizes lighting with any content. Personalize each key or create custom animations from 16.8M colors with Logitech G hub software, PC Cable Length: 6 ft (1.8 m)', 'category10'),
    ('ASS-011', 'Corsair K55 RGB PRO XT - Dynamic Per-Key RGB Backlighting - Six Macro Keys with Elgato Stream Deck Software Integration - IP42 Dust and Spill-Resistant - Detachable Palm Rest - Media and Volume Keys', 'Light up your desktop with vivid per-key RGB backlighting, choosing from ten onboard lighting effects, or customize your own vibrant lighting effects with CORSAIR iCUE software., Activate functions, shortcuts, or keypresses in just one stroke with six dedicated macro keys, easily set up through CORSAIR iCUE software, or use instant streaming commands through Elgato Stream Deck software.', 'category10'),
    ('ASS-012', 'StarTech.com 4 Port PCI SuperSpeed USB 3.0 Adapter Card with SATA / SP4 Power Model PCIUSB3S4', 'Add 4 SuperSpeed USB 3.0 ports to a computer through a PCI slot, Compatible with Dell OptiPlex 7010 / HP Compaq dc7800, 4 Port PCI USB 3.0 Adapter Card / PCI USB 3.0 Card Adapter, PCI USB 3.0 Controller / SATA Powered PCI USB 3.0 Card / USB 3.0 Expansion Card', 'category10'),
    ('ASS-013', 'StarTech.com PCI to PCI Express Adapter Card Model PCI1PEX1', 'Install half-height/low profile x1 PCI Express interface cards in a standard PCI expansion slot, PCI to PCI Express Adapter Card, PCI to PCIe Adapter Card', 'category10'),
    ('ASS-014', 'Dual M.2 PCIe 4x Adapter for SATA or PCIe NVMe SSD with Heatsink, RIITOP M.2 SSD NVME (M Key) and SATA (B Key) 22110 2280 2260 2242 2230 to PCI-e x 4 Host Controller Expansion Card', 'NVMe to PCIe x4 Adapter, M.2 SSD to SATA Adapter, NGFF SSD to SATA Adapter, Up to 3200+ MB/s random Read and 1500+ MB/s Write with NVME SSD, perfect upgraded kit for PC', 'category10'),
    ('ASS-015', 'ASUS ThunderboltEX 4 with Intel Thunderbolt 4 JHL 8540 Controller, 2 USB Type-C ports, up to 40Gb/s Bi-directional Bandwidth and Incorporates DisplayPort 1.4 support, up to 100W Quick Charge', 'PCI Express to Thunderbolt', 'category10'), 
    ('ASS-016', 'PCI-E to USB 3.0 7-Port(2X USB-C - 5X USB-A ) Expansion Card ,PCI Express USB Add in Card , Internal USB3 Hub Converter for Desktop PC Host Card Support Windows 10/8/7/XP and MAC OS 10.8.2 Above', 'Maximum extension,Most USB interfaces - Update your Computer to 7 ports USB3.0--2 Port Type C and 5 ports Type A, Improve quality and efficiency - supports transfer rates of up to 5Gbps.Note:The actual transmission speed is limited by the setting of the device connected.', 'category10'),
    ('ASS-017', 'Gaming Headset for PC PS4 Computer Headphone Surround Stereo Sound USB Wired Headset with Mic Over-The-Ear Noise Isolating, Volume Control, LED Lights for PC Gamers (White)', '7.1 Surround Sound Headset: This USB gaming headset can be paired with 7.1 Surround Sound surround sound software to provide more precise sound positioning, Combine with 50mm magnetic neodymium driver, create an immersive gaming experience with stereo surround sound in the game. allowing you to grasp the exact location of the action at all times, so as to prepare for various battles., Comfortable Over Ear Headphone: The design of the headset allows it to fit your head firmly while ensuring comfort. The soft headrest cushion reduces head pressure, so that you will not feel discomfort even if you wear it for a long time.', 'category10'),
    ('ASS-018', 'Poly - Voyager Focus 2 UC USB-A Headset with Stand (Plantronics) - Bluetooth (Stereo) Headset with Boom Mic - USB-A PC/Mac Compatible - Active Noise Canceling - Works w/ Teams, Zoom (Certified) & More', 'Audio Performance: Adjust The Noise Canceling Level for Your Personal Preference With Three Options Of Advanced Digital Hybrid Active Noise Canceling (Anc)-High, Low And Off, Poly Acoustic Fence Technology: Advanced Multi-Microphone Noise Canceling So Callers Hear You and Not Your Surroundings', 'category10'),
    ('ASS-019', 'Logitech Zone Vibe 100 Lightweight Wireless Over Ear Headphones with Noise Canceling Microphone, Advanced Multipoint Bluetooth Headset, Works with Teams, Google Meet, Zoom, Mac/PC - Off White', 'Work. Play. Vibe: Made for the way you work and play, Zone Vibe 100 over ear wireless headphones are professional enough for the office, casual enough for home, and available in three modern colors, Easy Video Meetings from Home: This over ear headset’s compatibility with popular video platforms like Google Meet, Microsoft Teams, and Zoom makes it simple and easy to join any meeting', 'category10'),
    ('ASS-020', 'Logitech G332 Wired Gaming Headset, Rotating Leatherette Ear Cups, 3.5 mm Audio Jack, Flip-to-Mute Mic, Lightweight for PC,Xbox One,Xbox Series X|S,PS5,PS4,Nintendo Switch, Black', 'Enjoy expansive sound: Big 50 mm audio drivers deliver an incredible sound experience., Be Heard Loud and Clear: The big 6 mm boom mic makes sure you’re heard by gaming partners and mutes when flipped up.', 'category10'),
    ('ASS-021', 'Logitech MX Master 3S - Wireless Performance Mouse with Ultra-fast Scrolling, Ergo, 8K DPI, Track on Glass, Quiet Clicks, USB-C, Bluetooth, Windows, Linux, Chrome - Black', 'Any-surface tracking - now 8K DPI: Use MX Master 3S cordless computer mouse to work on any surface - even glass (1) - with the upgraded 8000 DPI sensor with customizable sensitivity, Introducing quiet clicks: MX Master 3S Bluetooth mouse introduces Quiet Clicks - offering the same satisfying feel but with 90% less click noise (2), Magspeed scrolling: A computer mouse with remarkable speed, precision, and near silence - MagSpeed scrolling is 90% faster (3), 87% more precise (4), and ultra quiet', 'category10'),
    ('ASS-022', 'Logitech MX Vertical Wireless Mouse – Advanced Ergonomic Design Reduces Muscle Strain, Control and Move Content Between 3 Windows and Apple Computers (Bluetooth or USB), Rechargeable, Graphite', '', 'category10'),
    ('ASS-023', 'SAMA M20 Wired USB Gaming Mouse Anti-skid roller for Right or Left Hand Use Business Office Mouse Black', 'Business mouse, Ergonomic design, excellent grip, DPI default 1000, mobile', 'category10'),
    ('ASS-024', '3DConnexion SpaceMouse 3DX-700066 3D Mouse, Black/Silver', 'Sold as 1 Each., Professional 3D Navigation in CAD - Intuitively and precisely navigate digital models or views with the patented Six-Degrees-of-Freedom (6DoF) sensor. Wireless Freedom - 3Dconnexion 2.4GHz Wireless technology ensures a reliable, real-time connection to your 3D content.', 'category10'),
    ('ASS-025', '2 Ports KVM Switch HDMI, USB HDMI Switches for 2 Computers Share Wireless Keyboard Mouse and HD Monitor, Support Hotkey Switch and One Button Swapping, HD 4K (3840x2160)', '2 Ports USB HDMI KVM Switch Box - This HDMI KVM Switcher allows you to control 2 computer with only one set of controls and display screen (mouse and keyboard). KVM swtiches support host button switch and hot key switch., Ultra HD 4K Resolution - This HDMI USB KVM switch support resolution up to 4Kx2K @ 30Hz,also support 3D and 1080P or lower resolution. KVM switch HDMI compatible with HDCP.Making display image more exquisite and realistic, really give a feast for your eyes.', 'category10'),
    ('ASS-026', '4 Port HDMI KVM Switch 4K@30HZ/1080P@60HZ USB HDMI KVM Switcher 4 in 1 Out USB HDMI for Mouse Keyboard Hub for PC Laptop Win7 Win10 MAC', '4Port: Used to share 4 USB or HDMI peripheral devices(like scanner, USB hard drive or other USB devices) without having to constantly change cables, Mouse Keyboard Sharing: Using only 1 set of keyboard, mouse and monitor to control hosts Laptop or game console, System: Support for Windows/for Mac OS Support hot plug, connect or disconnect devices to the KVM switch without turning off devices', 'category10'),
    ('ASS-027', 'AUBEAMTO USB KVM Switch USB 3.0 Switcher HDMI-compatible KVM Switch 2 In 1 Out 4K for 2 PC Sharing Keyboard and Mouse EDID / HDCP Printer', 'Product Introduction, This product is beautiful in design, portable, powerful, and easy to use.For laptops, computers and other devices with HDMI-compatible interface. After the device is connected, multiple applications can be completed;, (1)1 set of keyboard / mouse and one display can control two devices for efficient office work;, (2)the two devices share a printer, U disk, hard disk and other devices. The product supports 4K60Hz high-definition output, and has a wide range of application scenarios (such as office switching, video conferencing, multi teaching, securities finance, etc.), which can save office costs, convenient operation, plug and play.', 'category10'),
    ('ASS-028', 'HDMI KVM Switch 2 Port Dual Monitor 4K 60Hz, 2x2 PC Monitor Keyboard Mouse Selector with Audio and 2 USB 2.0 HUB', 'DUAL MONITOR HDMI KVM SWITCH 2 PORT: Controls 2 computers or laptops with one set of keyboard, mouse and 2 monitors which supports extended or mirrored display; Ideal for working from home, designing, editing and gaming purposes etc, KVM SWITCH DUAL MONITOR HDMI 20 4K 60HZ: Conforms to HDMI 20 standard and supports 4096x2160@60Hz, 3840x2160@60Hz, 2560x1440@144Hz, 1920x1080@144Hz and downwards; Support HDCP and auto EDID, 2x2 KVM SWITCH 2 MONITORS WITH EASY SWITCHING MODES: 1 Button switch on front Panel; 2 Keyboard hotkey switch; 3 Mouse click switch; 4 Wired remote switch; 5 Auto scan switch with adjustable interval for monitoring or testing purposes', 'category10'),
    ('ASS-029', '8K@60Hz USB-C Bi-Direction Switch Video DataTransmissions PD Charge1x2, 2x1 Switcher Splitter', 'This USB C switch has two working modes. It can be used as a 2x1 switch, which allows you to connect two sources devices to one display;, It can also be used as a 1x2 splitter that enables you to connect one source to two displays(Note that two displays can not work at the same time).', 'category10'),
    ('ASS-030', 'USB 3.0 Switch Selector, KVM Switcher for 2 PC Sharing 4 USB Devices, One-Button Swapping for Keyboard, Mouse, Scanner, Printer, Computer', 'USB 3.0 KVM Ideal for Sharing Devices: such as printer, scanner, mouse, keyboard, card reader, flash drive and other USB deivce between 2 computers. USB 3.0 over 10×faster than USB 2.0 , Compatible with USB 3.0 and USB 2.0., Great Compatibility, Driver-free: for Windows 10/8/8.1/7/Vista/XP and Mac OS X, Linux, and Chrome OS, simply plug and play.', 'category10');

INSERT INTO configurations (product_id, config_name, config_price, qty_in_store) VALUES 
    ('ASS-001', 'Citizen CL-E300XUBNNA', 252.99, 95),
    ('ASS-002', 'ORICO Type C Extension Cable', 14.99, 95),
    ('ASS-003', 'Fujitsu ScanSnap iX1300', 299.99, 95),
    ('ASS-004', 'Fujitsu ScanSnap iX1600', 449.99, 95),
    ('ASS-005', 'Furmax 63 Inch Gaming Desk', 119.99, 95),
    ('ASS-006', 'EPSON A43S020461 Franking Cartridge', 23.99, 95),
    ('ASS-007', 'Corsair K100 RGB', 249.99, 95),
    ('ASS-008', 'ASUS ROG Azoth 75 Wireless', 249.99, 95),
    ('ASS-009', 'Montech MKey TKL Mechanical', 79.99, 95),
    ('ASS-010', 'Logitech G815 LIGHTSYNC', 169.99, 95),
    ('ASS-011', 'Corsair K55 RGB', 59.99, 95),
    ('ASS-012', 'StarTech.com 4 Port', 73.99, 95),
    ('ASS-013', 'PCI Express to Mini PCI Express', 44.99, 95),
    ('ASS-013', 'PCI Express to PCI Card', 47.99, 95),
    ('ASS-013', 'PCI to PCI Express', 60.49, 95),
    ('ASS-014', 'Dual M.2 PCIe 4x Adapter', 15.95, 95),
    ('ASS-015', 'ASUS ThunderboltEX 4', 131.14, 95),
    ('ASS-016', 'PCI-E to USB', 37.99, 95),
    ('ASS-017', 'Gaming Headset for PC PS4', 25.99, 95),
    ('ASS-018', 'Poly - Voyager Focus 2', 159.99, 95),
    ('ASS-019', 'Logitech Zone Vibe 100', 99.99, 95),
    ('ASS-020', 'Logitech G332 Wired Gaming Headset', 34.89, 95),
    ('ASS-021', 'Logitech MX Master 3S', 78.87, 95),
    ('ASS-022', 'Logitech MX Vertical Wireless Mouse', 87.03, 95),
    ('ASS-023', 'M20', 6.99, 95),
    ('ASS-023', 'G200', 8.99, 95),
    ('ASS-024', '3DConnexion SpaceMouse', 159.99, 95),
    ('ASS-025', '2 Ports KVM Switch HDMI', 24.99, 95),
    ('ASS-026', '4 Port HDMI KVM Switch', 46.99, 95),
    ('ASS-027', 'AUBEAMTO USB KVM', 28.98, 95),
    ('ASS-028', 'HDMI KVM Switch 2 Port Dual Monitor', 145.99, 95),
    ('ASS-029', '8K@60Hz USB-C Bi-Direction Switch', 53.10, 95),
    ('ASS-030', 'USB 3.0 Switch Selector', 19.99, 95),

    ('CATEG-01', 'CPU'),
    ('CATEG-02', 'RAM'),
    ('CATEG-03', 'CPU Cooler'),
    ('CATEG-04', 'Motherboard'),
    ('CATEG-05', 'Video Card'),
    ('CATEG-06', 'Case'),
    ('CATEG-07', 'Power Supplies'),
    ('CATEG-08', 'Storages'),
    ('CATEG-09', 'Operating System'),
    ('CATEG-10', 'Accessories');

INSERT INTO products (product_id, pname, description, category_id, qty_in_store) VALUES
    ('GPU-001', 'GALAX New GeForce RTX 3060 Ti 8GB OC FG GDDR6 Gaming GPU Video Card RTX 3060TI Graphics Card', 'Brand: Galaxy GALAX, Interface: PCI Express 4.0 x16, Chipset Manufacturer: NVIDIA, GPU Series: NVIDIA GeForce RTX 30 Series, GPU: GeForce RTX 3060 Ti, Boost Clock: 1710 MHz, CUDA Cores: 4864 Cores', 'CATEG-05', 200),
    ('GPU-002', 'ASUS TUF Gaming GeForce RTX 4090 OC Edition Gaming Graphics Card (PCIe 4.0, 24GB GDDR6X, HDMI 2.1a, DisplayPort 1.4a) TUF-RTX4090-O24G-GAMING', 'Brand: ASUS, Series: TUF Gaming, Model: TUF-RTX4090-O24G-GAMING, Part Number: 90YV0IE0-M0AA00', 'CATEG-05', 300),
    ('GPU-003', 'ASUS Dual GeForce RTX 3060 12GB GDDR6 PCI Express 4.0 Video Card DUAL-RTX3060-O12G-V2', 'Chipset Manufacturer: NVIDIA, GPU Series: NVIDIA GeForce RTX 30 Series, GPU: GeForce RTX 3060, Boost Clock: OC Mode: 1867 MHz, Gaming Mode: 1837 MHz, CUDA Cores: 3584 Cores', 'CATEG-05', 300),
    ('GPU-004', 'SAPLOS AMD Radeon R5 230 2GB 64 Bits GDDR3 VGA/DVI/HDMI Computer Graphics Card,PCI-Express 2.0,625MHz Core Frequency Desktop Video Card GPU for PC,Low Profile', '2GB GDDR3 Memory:AMD Radeon R5 230 graphics card is with 625MHz core frequency, up to 1066MHz memory speed,Stream Processors 160,Perfect for working,video and photo editing. Low Profile Design:The computer graphics cards is small in size,saves more space and is easy to install.Its designed for full size case installations,and also you can build a compact PC system easily even compatible with ITX case(with low profile bracket). Muliti-monitor Support:There are 3 monitors of display interfaces for the video card including 1 DL-DVI + 1 VGA(D-sub) + 1 HDMI, and for flexibilty of use,the VGA Interface is removabl, it comes with a Low Profile bracket so it can be used in a Small Form Factor chassis or HTPC configuration. Excellent PC Operation Performance:There is super smooth web browsing, outstanding photo and video editing coming with the graphics card. Independently Power:No external power supply, about 18W full-load power consumption.', 'CATEG-05', 500),
    ('GPU-005', 'ASUS Dual NVIDIA GeForce RTX 3060 Ti White OC Edition Graphics Card (PCIe 4.0, 8GB GDDR6X memory, HDMI 2.1, DisplayPort 1.4a, 2-slot design, Axial-tech fan design) DUAL-RTX3060TI-O8GD6X-WHITE', 'NVIDIA Ampere Streaming Multiprocessors: The building blocks for the worlds fastest, most efficient GPUs, the all-new Ampere SM brings 2X the FP32 throughput and improved power efficiency. 2nd Generation RT Cores: Experience 2X the throughput of 1st gen RT Cores, plus concurrent RT and shading for a whole new level of ray tracing performance. 3rd Generation Tensor Cores: Get up to 2X the throughput with structural sparsity and advanced AI algorithms such as DLSS. These cores deliver a massive boost in game performance and all-new AI capabilities. 0dB technology lets you enjoy light gaming in relative silence. Axial-tech fan design features a smaller fan hub that facilitates longer blades and a barrier ring that increases downward air pressure.', 'CATEG-05', 250),
    ('GPU-006', 'ASUS ROG Strix LC NVIDIA GeForce RTX 4090 OC Edition Gaming Graphics Card (PCIe 4.0, 24 GB GDDR6X, HDMI 2.1, DisplayPort 1.4a, 240 mm radiator, 560mm tubing) ROG-STRIX-LC-RTX4090-O24G-GAMING', 'OC mode: 2640 MHz (OC mode)/ 2520 MHz (Default mode). 2.6-slot footprint for compatibility with a wide variety of chassis. 560 mm tubing for compatibility with EATX chassis and alternative mounts. Digital power control with high-current power stages and 15K capacitors to fuel maximum performance. GPU Tweak III software provides intuitive performance tweaking, thermal controls and system monitoring.', 'CATEG-05', 280),
    ('GPU-007', 'ASUS Dual GeForce RTX 4060 Ti OC Edition 8GB GDDR6 (PCIe 4.0, 8GB GDDR6, DLSS 3, HDMI 2.1, DisplayPort 1.4a, Axial-tech fan design, 0dB technology) DUAL-RTX4060TI-O8G', 'Powered by NVIDIA DLSS3, ultra-efficient Ada Lovelace arch, and full ray tracing. 4th Generation Tensor Cores: Up to 4x performance with DLSS 3 vs. brute-force rendering. 3rd Generation RT Cores: Up to 2x ray tracing performance. Axial-tech fan design features a smaller fan hub that facilitates longer blades and a barrier ring that increases downward air pressure. A 2.5-slot design maximizes compatibility and cooling efficiency for superior performance in small chassis.', 'CATEG-05', 340),
    ('GPU-008', 'ASUS TUF Gaming GeForce RTX 4090 OG OC Edition Gaming Graphics Card (PCIe 4.0, 24GB GDDR6X, DLSS 3, HDMI 2.1, DisplayPort 1.4a) TUF-RTX4090-O24G-OG-GAMING', 'Powered by NVIDIA DLSS3, ultra-efficient Ada Lovelace arch, and full ray tracing. 4th Generation Tensor Cores: Up to 4x performance with DLSS 3 vs. brute-force rendering. 3rd Generation RT Cores: Up to 2X ray tracing performance. OC edition: 2595 MHz (OC mode)/ 2565 MHz (Default mode). Axial-tech fan design has been tuned with a reversed central fan direction for less turbulence. Military-grade capacitors rated for 20K hours at 105°C make the GPU power rail more durable.', 'CATEG-05', 360),
    ('GPU-009', '51RISC Video Card RX590 8GB GME 256Bit 2304SP GDDR5 Graphics Cards For RX 590 Series Cards DisplayPort placa de video 580 GPU', '8GB 256-Bit GDDR5. Boost Clock 1560 MHz. 1 x DL-DVI-D 1 x HDMI 2.0b 3 x DisplayPort 1.4.. PCI Express 3.0', 'CATEG-05', 360),
    ('GPU-010', 'Inno3D AX Gaming New GeForce RTX 4090 X3W 24G Video Card GDDR6X NVIDIA GPU 4NM 24GB 384Bit 12Pin 16384 CUDA Gamer Video Card', 'Boost frequency:2235-2550MHz. Stream Processing Units:16384. Video memory type:GDDR6X. Video memory capacity:24GB. Video memory bit width:384bit. Memory frequency: 21Gbps', 'CATEG-05', 367),
    ('GPU-011', 'ASUS TUF Gaming GeForce RTX 4080 OC Edition Gaming Graphics Card (PCIe 4.0, 16GB GDDR6X, HDMI 2.1a, DisplayPort 1.4a) TUF-RTX4080-O16G-GAMING', 'NVIDIA Ada Lovelace Streaming Multiprocessors: Up to 2x performance and power efficiency. 4th Generation Tensor Cores: Up to 2X AI performance. 3rd Generation RT Cores: Up to 2X ray tracing performance. Military-grade Capacitors rated for 20K hours at 105C make the GPU power rail more durable. GPU Tweak III software provides intuitive performance tweaking, thermal controls, and system monitoring.', 'CATEG-05', 369),
    ('GPU-012', 'MAXSUN GeForce RTX 3080 iCraft OC 10GB GDDR6X 320-Bit Computer Video Gaming Graphics Card GPU RGB LED, Metal Back Plate, PCI Express 4.0 x16 HDMI 2.1', 'The GeForce RTX 3080 graphics cards deliver the ultra performance that gamers crave, powered by AmpereNVIDIAs 2nd gen RTX architecture. They are built with enhanced RT Cores and Tensor Cores, new streaming multiprocessors, and superfast G6X memory for an amazing gaming experience. Get a performance boost with NVIDIA DLSS (Deep Learning Super Sampling). AI-specialized Tensor Cores on GeForce RTX GPUs give your games a speed boost with uncompromised image quality. This lets you crank up the settings and resolution for an even better visual experience. 9CM Triple Fans + 6 heat-pipe thermal radiator offer higher performance cooling and much quieter acoustic noise, independent S.I.P digital power supply system, with high conversion rate and output voltage, larger power supply current, more precise and powerful control signals improved power supply and stability of the graphics card.', 'CATEG-05', 340),
    ('GPU-013', 'ASUS Dual Radeon RX 7600 OC Edition 8GB GDDR6 Graphics Card (PCIe 4.0, 8GB GDDR6, HDMI 2.1, DisplayPort 1.4a, 2.5-slot Design, Axial-tech Fans, GPU Tweak III) DUAL-RX7600-O8G', 'Axial-tech fan design features a smaller fan hub to increase airflow through the cooling array. Dual ball fan bearings last up to twice as long as conventional designs. 2.5-slot design expands cooling surface area to make the most of the powerful Axial-tech fans. Auto-extreme precision automated manufacturing for higher reliability. GPU Tweak III software provides intuitive performance tweaking, thermal controls, and system monitoring.', 'CATEG-05', 297),
    ('GPU-014', 'ASUS TUF Gaming GeForce RTX 4060 Ti OC Edition Gaming Graphics Card (PCIe 4.0, 8GB GDDR6, DLSS 3, HDMI 2.1a, DisplayPort 1.4a) TUF-RTX4060TI-O8G-GAMING', 'NVIDIA Ada Lovelace Streaming Multiprocessors: Up to 2x performance and power efficiency. 4th Generation Tensor Cores: Up to 4x performance with DLSS 3 vs. brute-force rendering. Dual ball fan bearings last up to twice as long as conventional designs. Military-grade capacitors rated for 20K hours at 105C make the GPU power rail more durable. GPU Tweak III software provides intuitive performance tweaking, thermal controls, and system monitoring','CATEG-05', 640),
    ('GPU-015', '51RISC GTX1660Super 6GB Gaming Video Card GTX1660 6GB Graphics Cards GPU Desktop Computer Game 1060', '6GB 192-Bit GDDR6. Core Clock 1830 MHz. 1 x HDMI 2.0b 1 x DisplayPort 1.4 1 x DVI-D. 1408 CUDA Cores. PCI Express 3.0 x16.', 'CATEG-05', 519),
    ('GPU-016', 'ASUS TUF Gaming GeForce RTX 3060 12GB GDDR6 PCI Express 4.0 ATX Video Card TUF-RTX3060-O12G-DEMONSLAYER', '12GB 192-Bit GDDR6. Boost Clock OC Mode: 1882 MHz. Gaming Mode: 1852 MHz. 2 x HDMI 2.1 3 x DisplayPort 1.4a', 'CATEG-05', 399),
    ('GPU-017', 'Inno3D AX New White RTX 3060 X2W 12GB Graphics Card GDDR6 192bit 8Pin 8NM NVIDIA GPU Video Cards', 'Boost frequency:1777MHz. Stream Processing Units:3584. Video memory type:GDDR6. Video memory capacity:12GB. Video memory bit width:192bit. Memory frequency: 15Gbps. HDMI interface:1', 'CATEG-05', 715),
    ('GPU-018', '51RISC Radeon RX5600XT 6G Graphic Card GDDR6 6GB 128Bit Gaming Computer GPU RX5600XT 8GD6 GA Desktop Video Card 2 Fans', '6GB 192-Bit GDDR6. Core Clock 1420 MHz. Boost Clock 1750 MHz. 1 x HDMI 2.0b 3 x DisplayPort 1.4. 2304 Stream Processors. PCI Express 4.0 x16.','CATEG-05', 281),
    ('GPU-019', 'ASUS ROG Strix NVIDIA GeForce RTX 4070 Ti OC Edition Gaming Graphics Card (PCIe 4.0, 12GB GDDR6X, HDMI 2.1a, DisplayPort 1.4a) ROG-STRIX-RTX4070TI-O12G-GAMING', 'Powered by NVIDIA DLSS3, ultra-efficient Ada Lovelace arch, and full ray tracing. 4th Generation Tensor Cores: Up to 4x performance with DLSS 3 vs. brute-force rendering. 3rd Generation RT Cores: Up to 2X ray tracing performance. OC mode: 2790 MHz (OC mode)/ 2760 MHz (Default mode). Axial-tech fans scaled up for 31% more airflow. 3.15-slot design: massive fin array optimized for airflow from the three Axial-tech fans. Diecast shroud, frame, and backplate add rigidity and are vented to further maximize airflow and heat dissipation. ', 'CATEG-05', 714),
    ('GPU-020', 'ASUS TUF Gaming NVIDIA GeForce RTX 3060 Ti OC Edition Graphics Card (PCIe 4.0, 8GB GDDR6X, HDMI 2.1, DisplayPort 1.4a, Dual Ball Fan Bearings, Military-grade Certification) TUF-RTX3060TI-O8GD6X-GAMING', 'NVIDIA Ampere Streaming Multiprocessors: The building blocks for the world’s fastest, most efficient GPUs, the all-new Ampere SM brings 2X the FP32 throughput and improved power efficiency. 2nd Generation RT Cores: Experience 2X the throughput of 1st gen RT Cores, plus concurrent RT and shading for a whole new level of ray tracing performance. 3rd Generation Tensor Cores: Get up to 2X the throughput with structural sparsity and advanced AI algorithms such as DLSS. These cores deliver a massive boost in game performance and all-new AI capabilities.', 'CATEG-05', 720),
    ('GPU-021', '51Risc AMD Radeon RX 580 DirectX 12 RX580 8G 256-Bit GDDR5 PCI Express 3.0 x16 HDCP Gaming Video Card Mining GPU', 'Chipset: AMD Radeon RX 580. Boost / Base Core Clock: 1370 MHz. Video Memory: 8GB GDDR5. Form Factor: Plug-in Card. Memory Interface: 256-bit, Bus: PCI-Express 3.0 x16. Recommended psu is 500 watt. Core name is polaris 20 xtx. Directx version support is 12. Opengl version support is 4.5', 'CATEG-05', 414),
    ('GPU-022', 'MSI Ventus GeForce RTX 3060 12GB GDDR6 PCI Express 4.0 Video Card RTX 3060 Ventus 2X 12G OC', '12GB 192-Bit GDDR6. Boost Clock 1807 MHz. 1 x HDMI 2.1 3 x DisplayPort 1.4a. 3584 Cores CUDA Cores. PCI Express 4.0', 'CATEG-05', 514),
    ('GPU-023', 'MSI Ventus GeForce RTX 3060 12GB GDDR6 PCI Express 4.0 Video Card RTX 3060 Ventus 3X 12G OC', '12GB 192-Bit GDDR6. Boost Clock 1807 MHz. 1 x HDMI 2.1 3 x DisplayPort 1.4a. 3584 Cores CUDA Cores. PCI Express 4.0', 'CATEG-05', 794),
    ('GPU-024', 'GIGABYTE Radeon RX 6600 EAGLE 8G Graphics Card, WINDFORCE 3X Cooling System, 8GB 128-bit GDDR6, GV-R66EAGLE-8GD Video Card', 'Powered by AMD RDNA 2 Radeon RX 6600. Integrated with 8GB GDDR6 128-bit memory interface. WINDFORCE 3X Cooling System with alternate spinning fans. Screen Cooling. 2 x DisplayPort. 2 x HDMI. Graphene nano lubricant. Protection metal backplate', 'CATEG-05', 714),
    ('GPU-025', 'MSI Ventus GeForce RTX 3050 8GB GDDR6 PCI Express 4.0 Video Card RTX 3050 Ventus 2X 8G OC', '8GB 128-Bit GDDR6. Boost Clock 1807 MHz. 1 x HDMI 2.1 3 x DisplayPort 1.4. 2560 Cores CUDA Cores. PCI Express 4.0. ', 'CATEG-05', 741),
    ('GPU-026', 'MSI Gaming GeForce RTX 4070 Ti 12GB GDDR6X PCI Express 4.0 Video Card RTX 4070 Ti GAMING X TRIO 12G', '12GB 192-Bit GDDR6X. Boost Clock 2745 MHz. 1 x HDMI 2.1a 3 x DisplayPort 1.4a. 7680 CUDA Cores. PCI Express 4.0.', 'CATEG-05', 456),
    ('GPU-027', 'ASRock Radeon RX 6600 8GB GDDR6 PCI Express 4.0 Video Card RX6600 CLD 8G', '8GB 128-Bit GDDR6. Core Clock 1626 MHz. Boost Clock 2491 MHz. 1 x HDMI 2.1 3 x DisplayPort 1.4. 1792 Stream Processors. PCI Express 4.0', 'CATEG-05', 244),
    ('GPU-028', 'PNY NVIDIA RTX 6000 Ada Graphic Card - 48 GB GDDR6 - 384 bit Bus Width - PCI Express 4.0 x16 - DisplayPort', 'Host InterfacePCI Express 4.0 x16. DisplayPortYes. Number of DisplayPort Outputs4. Standard Memory48 GB. Memory TechnologyGDDR6. Bus Width384 bit.', 'CATEG-05', 684),
    ('GPU-029', 'GIGABYTE Gaming GeForce RTX 4090 24GB GDDR6X PCI Express 4.0 x16 ATX Video Card GV-N4090GAMING OC-24GD', '24GB 384-Bit GDDR6X. 1 x HDMI 2.1 3 x DisplayPort 1.4. 16384 CUDA Cores. PCI Express 4.0 x16.', 'CATEG-05', 720),
    ('GPU-030', 'MSI Ventus GeForce RTX 4070 12GB GDDR6X PCI Express 4.0 ATX Video Card RTX 4070 VENTUS 3X 12G OC', '12GB 192-Bit GDDR6X. 1 x HDMI 2.1a 3 x DisplayPort 1.4a. 5888 Cores CUDA Cores. PCI Express 4.0.', 'CATEG-05', 380);


INSERT INTO configurations(product_id, config_name, config_price) VALUES
    ('GPU-001', 'RTX 3060 Ti', 409.00),
    ('GPU-001','RTX 4070 Ti', 979.00),
    
    ('GPU-002', 'TUF Gaming 24G OC', 1709.99),
    ('GPU-002', 'ROG Strix 24G White OC', 2208.41), 
    ('GPU-002', 'TUF Gaming 24G', 1989.99),
    
    ('GPU-003', 'DUAL 12G OC', 299.99),
    ('GPU-003', 'TUF Gaming 12G OC', 351.12), 
    ('GPU-003', 'TUF Gaming DEMONSLAYER', 399.99),
    ('GPU-003', 'TUF Gaming 12G', 343.22),
    ('GPU-003', 'DUAL 8G OC', 305.99),

    ('GPU-004', 'SAPLOS AMD Radeon R5', 69.99),

    ('GPU-005', 'DUAL White', 369.99),
    ('GPU-005', 'DUAL 8G OC', 359.99),
    ('GPU-005', 'TUF Gaming 8G OC', 389.99),

    ('GPU-006', 'RTX 4090 OC', 2199.99),

    ('GPU-007', 'DUAL 8G OC', 399.99),
    ('GPU-007', 'TUF Gaming 8G OC', 449.99),
    ('GPU-007', 'ROG Strix 8G OC', 489.99),
    ('GPU-007', 'DUAL 8G OC WHITE', 409.99),

    ('GPU-008', 'GeForce RTX 4090 OG OC', 1799.99),

    ('GPU-009', 'RX5700-8G', 199.00),
    ('GPU-009', 'RX 590', 99.99),
    ('GPU-009', 'RTX 2060 SUPER', 219.00),
    ('GPU-009', 'RTX 2070 SUPER', 309.00),
    ('GPU-009', 'RX 6600 XT', 289.00),
    
    ('GPU-010', 'RTX 4090 - 2550 MHz', 1956.00),

    ('GPU-011', 'TUF Gaming 16G OC', 1299.99),
    ('GPU-011', 'ROG Strix 16G OC', 1449.99),
    ('GPU-011', 'TUF Gaming 16G', 1199.00),
    ('GPU-011', 'ROG Strix 16G', 1389.99),
    ('GPU-011', 'ROG Strix 16G White OC', 1549.99),
    ('GPU-011', 'Noctua 16G OC', 1649.99),

    ('GPU-012', 'GeForce RTX 3080 iCraft OC 10GB', 749.99),
    
    ('GPU-013', 'DUAL 8G OC', 274.99),
    ('GPU-013', 'ROG Strix 8G OC', 339.99),

    ('GPU-014', 'DUAL 8G OC', 399.99),
    ('GPU-014', 'TUF Gaming 8G OC', 449.99),
    ('GPU-014', 'ROG Strix 8G OC', 489.99),
    ('GPU-014', 'DUAL 8G OC White', 409.99),

    ('GPU-015', 'GTX 1660 Super', 159.00),
    ('GPU-015', 'RX5700XT-8G', 205.00),
    ('GPU-015', 'RX 5500 XT', 119.00),
    ('GPU-015', 'RTX 2060-6GB', 209.00),
    ('GPU-015', 'RTX 3060 Ti', 399.00),

    ('GPU-016', 'TUF Gaming 12G', 531.96),
    ('GPU-016', 'TUF Gaming DEMONSLAYER', 399.99),
    ('GPU-016', 'TUF Gaming 12G OC', 329.14),
    ('GPU-016', 'DUAL 12G OC', 299.99),
    ('GPU-016', 'DUAL 8G OC', 305.99),
    ('GPU-016', 'DUAL White 12G', 399.99),
    ('GPU-016', 'DUAL White 8G', 294.44),

    ('GPU-017', '128GB-Double Fans-RTX 3060', 325.00), 

    ('GPU-018', 'RX5600XT', 128.99),
    ('GPU-018', 'RX5700-8G', 199.00),
    ('GPU-018', 'RX 6600', 249.00),
    ('GPU-018', 'RX 6700 XL', 309.00),
    ('GPU-018', 'RTX 2070 SUPER', 309.99),

    ('GPU-019', 'TUF Gaming 12G', 989.00),
    ('GPU-019', 'TUF Gaming 12G OC', 818.99),
    ('GPU-019', 'ROG Strix 12G', 949.99),
    ('GPU-019', 'ProArt 12GB OC', 839.99),
    ('GPU-019', 'ROG Strix 12G OC', 989.99),

    ('GPU-020', 'DUAL White ', 369.99),
    ('GPU-020', 'DUAL 8G OC', 359.99),
    ('GPU-020', 'TUF Gaming 8G OC', 389.99),

    ('GPU-021', 'RX 580', 85.00),
    ('GPU-021', 'RX5700-8G', 199.00),
    ('GPU-021', 'RX 6600 XT', 289.00),
    ('GPU-021', 'GTX 1660S', 169.00),
    ('GPU-021', 'RTX3070-8G', 399.99),
    ('GPU-021', 'RTX 2070 SUPER', 309.00),

    ('GPU-022', 'GAMING X TRIO 12G', 410.42),
    ('GPU-022', 'GAMING X 12G', 351.00),
    ('GPU-022', 'VENTUS 3X 12G OC', 298.99),
    ('GPU-022', 'VENTUS 2X 12G OC', 289.99),
    ('GPU-022', 'GAMING 12G', 758.90),

    ('GPU-023', 'GAMING X TRIO 12G', 410.42),
    ('GPU-023', 'GAMING X 12G', 351.00),
    ('GPU-023', 'VENTUS 3X 12G OC', 298.99),
    ('GPU-023', 'VENTUS 2X 12G', 379.65),
    ('GPU-023', 'GAMING 12G ', 758.90),
    ('GPU-023', 'AERO ITX 12G OC', 289.99),

    ('GPU-024', 'Radeon RX 6600 EAGLE 8G', 179.99), 

    ('GPU-025', 'VENTUS 2X 8G OC', 219.99),
    ('GPU-025', 'GAMING X 8G', 229.99),
    ('GPU-025', 'VENTUS 2X 8G', 319.99),

    ('GPU-026', 'GAMING X TRIO 12G', 814.99),
    ('GPU-026', 'VENTUS 3X 12G OC ', 829.99),
    ('GPU-026', 'VENTUS 3X 12G', 888.00),
    ('GPU-026', 'SUPRIM X 12G', 949.00),
    ('GPU-026', 'SUPRIM 12G', 1089.54),
    ('GPU-026', 'GAMING TRIO 12G', 859.99),

    ('GPU-027', 'RX 6800XT 16G PGD', 539.99),
    ('GPU-027', 'RX 6700XT 12G CLD ', 339.99),
    ('GPU-027', 'RX 6600XT 8G PGD', 279.99),
    ('GPU-027', 'RX 6600 8G CLD ', 189.99),
    ('GPU-027', 'RX 6950XT 16G OCF', 997.20),

    ('GPU-028', 'PNY NVIDIA RTX 6000 Ada', 7958.00),

    ('GPU-029', 'GAMING OC 24G', 1689.00),
    ('GPU-029', 'WINDFORCE 24G', 1749.99),
    ('GPU-029', 'MASTER 24G', 2249.99),
    ('GPU-029', 'XTREME WATERFORCE 24G', 1909.99),
    ('GPU-029', 'AERO OC 24G', 1749.99),

    ('GPU-030', 'GAMING X TRIO 12G', 642.62), 
    ('GPU-030', 'VENTUS 3X 12G OC', 609.99), 
    ('GPU-030', 'VENTUS 2X 12G OC', 599.99), 
    ('GPU-030', 'VENTUS 3X 12G', 728.80);


INSERT INTO products (product_id, pname, description, category_id) VALUES 
    ('RAM-001', 'CORSAIR Vengeance RGB Pro 32GB (2 x 16GB) 288-Pin PC RAM DDR4 3600 (PC4 28800) Desktop Memory Model CMW32GX4M2D3600C18', 'Dynamic Multi-Zone RGB Lighting: 10 Ultra-bright RGB LEDs per module., Next Generation Software: Take control in CORSAIR iCUE software and synchronize lighting with other CORSAIR RGB products, including CPU coolers, keyboards and fans., Custom Performance PCB: Provides the highest signal quality for the greatest level of performance and stability., Tightly Screened Memory: Carefully screened ICs for extended overclocking potential.', 'category2'),
    ('RAM-002', 'CORSAIR Vengeance 32GB (2 x 16GB) 288-Pin PC RAM DDR5 5600 (PC5 44800) Desktop Memory Model CMK32GX5M2B5600C36', 'Welcome to the Cutting-Edge of Performance: Push the limits of your system like never before with DDR5 memory, unlocking even faster frequencies, greater capacities, and better performance than previous generations., Do it All, and Do it Faster: As modern CPUs feature more and more cores, the unprecedented speed of DDR5 ensures your high-end CPU gets data quickly, enabling faster processing, rendering, and buffering than ever before., Onboard Voltage Regulation: Makes for easier, more finely-tuned, and more stable overclocking through CORSAIR iCUE software than previous generation motherboard control.', 'category2'),
    ('RAM-003', 'G.SKILL Ripjaws V Series 16GB (2 x 8GB) 288-Pin PC RAM DDR4 3200 (PC4 25600) Desktop Memory Model F4-3200C16D-16GVKB', 'DDR4 3200 (PC4 25600), Timing 16-18-18-38, CAS Latency 16, Voltage 1.35V', 'category2'),
    ('RAM-004', 'G.SKILL Trident Z5 RGB Series 32GB (2 x 16GB) 288-Pin PC RAM DDR5 6400 Desktop Memory Model F5-6400J3239G16GX2-TZ5RK', 'DDR5 6400, Timing 32-39-39-102, CAS Latency 32, Voltage 1.40V', 'category2'),
    ('RAM-005', 'CORSAIR Vengeance RGB Pro 16GB (2 x 8GB) 288-Pin PC RAM DDR4 3200 (PC4 25600) Desktop Memory Model CMW16GX4M2C3200C16', 'Dynamic Multi-Zone RGB Lighting: 10 Ultra-bright RGB LEDs per module., Next Generation Software: Take control in CORSAIR iCUE software and synchronize lighting with other CORSAIR RGB products, including CPU coolers, keyboards and fans., Custom Performance PCB: Provides the highest signal quality for the greatest level of performance and stability., Tightly Screened Memory: Carefully screened ICs for extended overclocking potential.', 'category2'),
    ('RAM-006', 'CORSAIR Vengeance RGB 32GB (2 x 16GB) 288-Pin PC RAM DDR5 6000 (PC5 48000) Desktop Memory Model CMH32GX5M2D6000C36', 'DDR5 6000 (PC5 48000), Timing 36-36-36-76, CAS Latency 36, Voltage 1.35V', 'category2'),
    ('RAM-007', 'Team T-FORCE VULCAN Z 32GB (2 x 16GB) 288-Pin PC RAM DDR4 3200 (PC4 25600) Desktop Memory Model TLZGD432G3200HC16FDC01', 'DDR4 3200 (PC4 25600), Timing 16-18-18-38, CAS Latency 16, Voltage 1.35V', 'category2'),
    ('RAM-008', 'G.SKILL Trident Z5 RGB Series 32GB (2 x 16GB) 288-Pin PC RAM DDR5 7200 (PC5 57600) Desktop Memory Model F5-7200J3445G16GX2-TZ5RK', 'DDR5 7200 (PC5 57600), Timing 34-45-45-115, CAS Latency 34, Voltage 1.40V', 'category2'),
    ('RAM-009', 'CORSAIR Vengeance RGB Pro 32GB (2 x 16GB) 288-Pin PC RAM DDR4 3200 (PC4 25600) Desktop Memory Model CMW32GX4M2E3200C16', 'Dynamic Multi-Zone RGB Lighting: 10 Ultra-bright RGB LEDs per module., Next Generation Software: Take control in CORSAIR iCUE software and synchronize lighting with other CORSAIR RGB products, including CPU coolers, keyboards and fans., Custom Performance PCB: Provides the highest signal quality for the greatest level of performance and stability., Tightly Screened Memory: Carefully screened ICs for extended overclocking potential.', 'category2'),
    ('RAM-010', 'GeIL ORION RGB 32GB (2 x 16GB) 288-Pin PC RAM DDR5 6000 (PC5 48000) Desktop Memory Model GVSG532GB6000C38ADC', 'DDR5 6000 (PC5 48000), Timing 38-40-40-82, CAS Latency 38, Voltage 1.25V', 'category2'),
    ('RAM-011', 'OLOy OWL 16GB (2 x 8GB) 288-Pin PC RAM DDR4 3000 (PC4 24000) Desktop Memory Model MD4U083016BGDA', 'DDR4 3000 (PC4 24000, Timing 16-18-18-36, CAS Latency 16, Voltage 1.35V', 'category2'),
    ('RAM-012', 'GeIL ORION RGB 32GB (2 x 16GB) 288-Pin PC RAM DDR5 6400 (PC5 51200) Desktop Memory Model GVSR532GB6400C38ADC', 'DDR5 6400 (PC5 51200), Timing 32-38-38-80, CAS Latency 32, Voltage 1.35V', 'category2'),
    ('RAM-013', 'Neo Forza BLACK ENCKE DDR4 32GB (2x16GB) DRAM 3200MHz (PC4-25600) SDRAM Desktop Single-Ranked Memory Model NMUD416F82-3200DK20', 'DDR4 3200 (PC4 25600), Two SINGLE-RANKED 16GB Modules (32GB Kit), Timing 16-18-18-36, CAS Latency 16', 'category2'),
    ('RAM-014', 'CORSAIR Vengeance LPX 32GB (2 x 16GB) 288-Pin PC RAM DDR4 3600 (PC4 28800) Desktop Memory Model CMK32GX4M2D3600C18', 'Designed for high-performance overclocking, Designed for great looks, Performance and Compatibility, Low-profile heatspreader design', 'category2'),
    ('RAM-015', 'G.SKILL Trident Z5 RGB Series 64GB (2 x 32GB) 288-Pin PC RAM DDR5 6400 (PC5 51200) Desktop Memory Model F5-6400J3239G32GX2-TZ5RK', 'DDR5 6400 (PC5 51200), Timing 32-39-39-102, CAS Latency 32, Voltage 1.40V', 'category2'),
    ('RAM-016', 'CORSAIR Vengeance RGB Pro SL 32GB (2 x 16GB) 288-Pin PC RAM DDR4 3600 (PC4 28800) Desktop Memory Model CMH32GX4M2D3600C18W', 'Illuminate your system with vivid, animated lighting from ten individually addressable, ultra-bright RGB LEDs per module., Choose from dozens of preset lighting profiles, or create your own in CORSAIR iCUE software., Just 44mm tall for wide compatibility with air coolers such as the CORSAIR A500., Optimized for maximum bandwidth and tight response times on the latest Intel and AMD DDR4 motherboards.', 'category2'),
    ('RAM-017', 'Team T-Force Delta RGB 32GB (2 x 16GB) 288-Pin PC RAM DDR4 3600 (PC4 28800) Desktop Memory Model TF4D432G3600HC18JDC01', 'DDR4 3600 (PC4 28800), Timing 18-22-22-42, CAS Latency 18, Voltage 1.35V', 'category2'),
    ('RAM-018', 'CORSAIR Vengeance LPX 32GB (2 x 16GB) 288-Pin PC RAM DDR4 3600 (PC4 28800) Desktop Memory Model CMK32GX4M2D3600C18S', 'DDR4 3600 (PC4 28800). Timing 18-22-22-42, CAS Latency 18, Voltage 1.35V', 'category2'),
    ('RAM-019', 'GeIL EVO V RGB 32GB (2 x 16GB) 288-Pin PC RAM DDR5 8000 (PC5 64000) Desktop Memory Model GESG532GB8000C38ADC', 'DDR5 8000 (PC5 64000), Timing 38-48-48-100, CAS Latency 38, Voltage 1.45V', 'category2'),
    ('RAM-020', 'G.SKILL Ripjaws S5 Series 32GB (2 x 16GB) 288-Pin PC RAM DDR5 6400 (PC5 51200) Desktop Memory Model F5-6400J3239G16GX2-RS5K', 'DDR5 6400 (PC5 51200), Timing 32-39-39-102, CAS Latency 32, Voltage 1.40V', 'category2'),


INSERT INTO configurations (product_id, config_name, config_price, qty_in_store) VALUES 
    ('RAM-001', 'CORSAIR Vengeance RGB Pro', 79.99, 50),
    ('RAM-002', '32GB (2 x 16GB)',94.99 , 50),
    ('RAM-002', '64GB (2 x 32GB)',189.99, 50),
    ('RAM-002', '64GB (4 x 16GB)',219.99 , 50),
    ('RAM-003', '16GB', 34.99, 50),
    ('RAM-003', '16GB (2 x 8GB)',38.99 , 50),
    ('RAM-003', '32GB', 63.99, 50),
    ('RAM-003', '32GB (2 x 16GB)',63.99 , 50),
    ('RAM-004', 'G.SKILL Trident Z5 RGB ',119.99 , 50),
    ('RAM-005', 'CORSAIR Vengeance RGB Pro', 56.99, 50),
    ('RAM-006', 'CORSAIR Vengeance RGB 32GB', 139.99, 50),
    ('RAM-007', '16GB (2 x 8GB)', 33.99, 50),
    ('RAM-007', '32GB (2 x 16GB) ', 54.99, 50),
    ('RAM-008', 'G.SKILL Trident Z5 RGB Series', 165.99, 50),
    ('RAM-009', 'CORSAIR Vengeance RGB Pro 32GB (2 x 16GB)',79.99 , 50),
    ('RAM-010', 'DDR5 8000 (PC5 64000)',269.99 , 50),
    ('RAM-010', 'DDR5 7200 (PC5 57600)',109.99 , 50),
    ('RAM-010', 'DDR5 6400 (PC5 51200)',99.99 , 50),
    ('RAM-010', 'DDR5 6000 (PC5 48000)',84.99 , 50),
    ('RAM-011', 'LOy OWL 16GB (2 x 8GB)',33.99 , 50),
    ('RAM-012', 'GeIL ORION RGB 32GB (2 x 16GB)', 104.99, 50),
    ('RAM-013', 'Neo Forza BLACK ENCKE DDR4 32GB',51.99 , 50),
    ('RAM-014', '16GB (2 x 8GB)',41.99 , 50),
    ('RAM-014', '32GB (2 x 16GB)',67.99 , 50),
    ('RAM-015', 'G.SKILL Trident Z5 RGB Series',229.99 , 50),
    ('RAM-016', 'CORSAIR Vengeance RGB Pro SL 32GB',79.99 , 50),
    ('RAM-017', '32GB (2 x 16GB)',65.99 , 50),
    ('RAM-017', '64GB (2 x 32GB)',124.99 , 50),
    ('RAM-018', 'CORSAIR Vengeance LPX 32GB (2 x 16GB) 288-Pin',67.99 , 50),
    ('RAM-019', 'GeIL EVO V RGB 32GB',369.99 , 50),
    ('RAM-020', 'G.SKILL Ripjaws S5 Series',109.99 , 50),